444,338.185,684.241,404.06,120,1,62,216.585
393,352.684,736.831,402.695,120,1,181,216.585
489,336.601,801.772,423.612,120,1,194,216.585
240,346.096,822.632,458.953,120,1,234,216.585
173,358.445,843.891,480.23,120,1,332,216.585
229,339.886,858.018,503.081,120,1,332,216.585
216,336.889,847.796,521.37,120,1,393,216.585
563,322.135,839.541,540.102,120,1,474,216.585
412,359.607,810.903,509.097,120,1,532,216.585
154,361.987,839.089,496.398,120,1,541,216.585
217,374.244,816.497,487.996,120,1,544,216.585
326,382.104,811.5,467.177,120,1,551,216.585
212,369.278,795.776,437.102,120,1,572,216.585
373,380.909,759.759,418.578,120,1,577,216.585
218,431.271,714.702,413.144,120,1,586,216.585
184,435.658,723.523,431.701,120,1,610,216.585
389,423.645,758.713,432.802,120,1,653,216.585
214,406.056,736.822,445.166,120,1,675,216.585
394,398.662,764.942,452.234,120,1,679,216.585
189,390.519,789.526,466.542,120,1,1819,216.585
232,397.388,782.255,476.787,120,1,719,216.585
281,434.562,795.012,494.262,120,1,743,216.585
329,342.432,806.149,529.058,120,1,782,216.585
325,359.012,775.548,509.888,120,1,901,216.585
190,410.279,750.561,467.86,120,1,918,216.585
288,440.08,750.581,480.551,120,1,922,216.585
305,406.83,742.809,493.032,120,1,931,216.585
296,370.399,762.983,519.317,120,1,932,216.585
484,430.781,740.682,516.323,120,1,970,216.585
205,470.049,729.195,529.471,120,1,1023,216.585
185,469.432,707.89,526.343,120,1,1058,216.585
198,421.606,713.973,502.577,120,1,1059,216.585
182,420.824,724.418,468.508,120,1,1105,216.585
186,420.387,712.36,466.933,120,1,1110,216.585
173,441.509,706.911,452.185,120,1,1129,216.585
132,416.629,706.218,434.509,120,1,1130,216.585
187,448.829,694.171,428.398,120,1,1212,216.585
187,445.995,680.513,425.738,120,1,1215,216.585
309,396.256,662.523,436.781,120,1,1274,216.585
204,452.275,671.119,452.505,120,1,1215,216.585
165,402.418,686.613,453.695,120,1,1323,216.585
350,429.443,698.784,485.881,120,1,1324,216.585
141,409.83,685.192,481.757,120,1,1348,216.585
134,391.53,691.703,509.129,120,1,1372,216.585
352,360.321,678.314,524.373,120,1,1373,216.585
385,339.148,648.313,529.581,120,1,1458,216.585
308,378.912,649.343,498.661,120,1,1468,216.585
135,407.852,663.822,496.3,120,1,1498,216.585
312,430.667,675.64,492.683,120,1,1561,216.585
149,404.678,657.78,472.228,120,1,1583,216.585
251,382.594,640.995,440.515,120,1,1884,216.585
213,381.08,631.645,459.992,120,1,1589,216.585
330,381.206,630.886,476.059,120,1,1635,216.585
351,374.123,622.62,501.312,120,1,1681,216.585
327,357.939,627.604,517.162,120,1,1696,216.585
361,331.202,590.859,529.566,120,1,1712,216.585
396,302.639,549.614,528.641,120,1,1738,216.585
294,320.67,566.503,512.28,120,1,1746,216.585
217,347.069,600.143,507.366,120,1,1775,216.585
263,347.65,600.559,486.193,120,1,1783,216.585
290,363.248,610.426,459.413,120,1,1793,216.585
430,340.612,687.608,407.906,119,0,63,217.154
410,345.89,688.266,412.049,118,0,64,216.116
390,349.844,690.973,413.87,117,0,65,214.806
378,343.757,690.212,417.085,116,0,66,215.55
353,351.235,691.175,418.795,115,0,67,215.158
315,355.578,692.193,420.606,114,0,68,215.315
300,348.817,693.363,421.729,113,0,69,214.609
287,353.69,693.132,423.68,112,0,70,213.823
277,346.838,693.774,424.538,111,0,71,213.857
261,356.54,694.965,425.922,110,0,72,214.098
265,354.981,694.296,427.727,109,0,73,213.909
262,344.309,695.001,428.765,108,0,74,214.748
257,356.074,695.935,431.331,107,0,75,213.206
497,358.352,712.387,431.374,106,0,76,214.556
496,358.278,711.929,432.743,105,0,77,213.896
451,357.007,711.183,435.375,104,0,78,213.442
461,359.163,710.978,438.313,103,0,79,214.081
420,357.817,710.877,440.39,102,0,80,213.236
400,357.738,710.255,441.459,101,0,81,213.176
408,357.99,711.874,443.143,100,0,82,212.48
389,363.874,711.161,444.613,99,0,83,213.014
377,361.944,711.118,445.926,98,0,84,213.226
356,358.896,711.264,447.627,97,0,85,213.193
356,360.466,711.535,449.341,96,0,86,212.599
347,359.625,711.099,451.447,95,0,87,211.105
327,361.153,711.921,452.709,94,0,88,212.644
313,356.792,712.2,452.67,93,0,89,212.816
302,361.159,712.256,453.784,92,0,90,212.166
300,362.763,712.111,455.23,91,0,91,211.951
282,359.195,712.831,457.88,90,0,92,212.316
271,353.041,713.465,458.772,89,0,93,212.987
266,354.387,713.661,460.401,88,0,94,210.851
244,351.717,714.299,462.37,87,0,95,210.138
235,348.489,714.655,462.604,86,0,96,210.739
244,345.25,715.367,463.631,85,0,97,212.232
216,350.343,715.631,464.615,84,0,98,210.458
218,344.844,716.465,466.412,83,0,99,210.37
209,343.459,717.509,468.052,82,0,100,210.328
196,348.071,718.574,469.064,81,0,101,211.858
193,343.368,719.484,470.134,80,0,102,211.074
408,331.157,730.942,464.712,79,0,103,211.947
420,324.612,731.476,464.574,78,0,104,210.271
389,328.154,731.257,464.994,77,0,105,209.175
398,326.188,730.757,465.51,76,0,106,211.921
366,318.044,731.226,465.105,75,0,107,211.876
351,319.943,731.077,465.631,74,0,108,210.921
344,320.776,730.505,466.164,73,0,109,209.944
332,314.864,730.826,466.024,72,0,110,212.099
326,322.681,730.614,466.634,71,0,111,209.976
314,310.615,730.789,467.422,70,0,112,209.856
303,317.04,730.815,467.839,69,0,113,209.97
322,314.457,730.355,468.462,68,0,114,210.181
292,314.384,730.987,468.898,67,0,115,208.145
296,309.882,730.964,469.843,66,0,116,209.898
285,313.477,731.473,470.799,65,0,117,209.865
275,320.655,730.737,472.663,64,0,118,210.86
269,307.851,731.117,473.179,63,0,119,210.204
254,313.193,731.197,476.225,62,0,120,209.492
226,315.522,731.511,477.991,61,0,121,211.015
417,317.95,719.035,482.888,60,0,122,209.628
416,319.038,719.575,483.41,59,0,123,211.492
399,314.837,719.297,483.396,58,0,124,211.53
382,318.641,719.122,483.583,57,0,125,210.859
364,317.052,719.434,483.815,56,0,126,211.498
367,311.856,719.56,484.765,55,0,127,210.115
349,305.748,718.168,484.354,54,0,128,210.674
344,311.916,718.402,484.574,53,0,129,210.697
306,309.461,718.134,484.415,52,0,130,210.616
307,311.674,718.6,485.191,51,0,131,211.31
303,312.083,718.217,485.33,50,0,132,210.577
301,303.522,718.091,485.633,49,0,133,212.015
272,308.739,718.095,486.152,48,0,134,210.621
276,309.279,718.625,485.902,47,0,135,211.657
283,301.746,718.511,486.04,46,0,136,212.543
287,302.042,718.624,485.789,45,0,137,211.424
284,314.018,718.678,485.756,44,0,138,211.544
282,306.27,718.159,486.573,43,0,139,212.916
269,308.401,717.835,486.999,42,0,140,212.166
258,306.775,717.417,488.042,41,0,141,212.453
240,307.892,716.711,489.347,40,0,142,213.067
232,314.478,716.838,490.463,39,0,143,213.796
206,324.112,717.185,491.492,38,0,144,213.223
411,321.268,705.385,494.099,37,0,145,213.235
420,323.75,704.799,494.54,36,0,146,213.82
407,315.514,704.977,494.634,35,0,147,213.8
366,321.803,705.233,494.716,34,0,148,214.548
369,320.913,705.338,494.58,33,0,149,216.293
371,324.642,705.66,494.738,32,0,150,214.197
340,324.212,705.866,494.794,31,0,151,215.896
341,323.589,705.846,494.677,30,0,152,215.759
314,325.72,706.135,494.548,29,0,153,216.95
302,329.523,706.42,494.671,28,0,154,217.175
291,322.45,707.948,494.727,27,0,155,217.241
281,331.683,709.005,494.834,26,0,156,218.277
255,335.404,710.095,495.513,25,0,157,218.482
251,344.873,711.703,494.914,24,0,158,219.75
244,337.061,713.451,494.836,23,0,159,219.082
232,338.668,715.134,495.412,22,0,160,220.043
552,331.06,732.013,502.253,21,0,161,220.587
507,336.398,731.672,503.241,20,0,162,221.294
493,336.477,732.895,502.161,19,0,163,223.551
486,333.23,733.379,502.722,18,0,164,223.719
467,336.522,733.711,502.424,17,0,165,224.153
464,341.92,733.431,502.396,16,0,166,226.019
442,344.495,733.89,502.609,15,0,167,225.984
416,343.666,733.723,503.239,14,0,168,227.529
398,348.749,733.472,502.911,13,0,169,227.342
374,342.559,733.943,502.109,12,0,170,228.993
356,346.284,733.838,502.106,11,0,171,230.042
368,348.052,733.899,502.22,10,0,172,231.106
357,345.529,733.543,501.986,9,0,173,233.321
338,345.911,733.469,501.85,8,0,174,235.87
325,341.449,733.431,501.793,7,0,175,236.835
327,349.361,732.716,502.158,6,0,176,238.539
315,349.33,732.938,501.992,5,0,177,240.818
309,355.903,733.011,501.748,4,0,178,244.871
313,344.706,733.084,501.33,3,0,179,248.968
298,345.221,733.048,501.006,2,0,180,253.654
301,349.844,731.731,500.757,1,0,0,262.645
395,346.39,735.926,405.153,119,0,182,217.154
381,354.016,735.353,406.966,118,0,183,216.116
386,348.92,735.432,408.268,117,0,184,214.806
375,355.459,733.853,410.544,116,0,185,215.55
357,352.938,733.077,411.759,115,0,186,215.158
346,361.289,732.025,413.484,114,0,187,215.315
318,349.292,732.28,415.057,113,0,188,214.609
328,354.226,731.583,416.155,112,0,189,213.823
330,351.703,730.873,417.329,111,0,190,213.857
312,351.965,730.571,419.118,110,0,191,214.098
302,363.553,730.164,420.721,109,0,192,213.909
275,360.855,730.052,423.536,108,0,193,214.748
264,363.742,728.051,426.916,107,0,75,213.206
468,342.979,799.598,424.854,119,0,195,217.154
443,345.339,797.425,427.764,118,0,196,216.116
415,350.08,795.959,429.346,117,0,197,214.806
420,349.071,793.813,431.736,116,0,198,215.55
391,346.171,792.877,433.311,115,0,199,215.158
362,349.577,791.482,434.852,114,0,200,215.315
358,350.349,790.173,435.952,113,0,201,214.609
346,341.699,790.362,436.999,112,0,202,213.823
346,348.298,788.245,436.824,111,0,203,213.857
601,363.276,769.865,436.905,110,0,204,214.098
565,367.046,768.481,438.062,109,0,205,213.909
556,361.266,766.522,439.53,108,0,206,214.748
521,361.937,764.993,441.765,107,0,207,213.206
505,373.879,762.538,443.072,106,0,208,214.556
493,368.813,760.317,443.615,105,0,209,213.896
482,365.442,760.579,444.439,104,0,210,213.442
469,365.586,759.12,445.474,103,0,211,214.081
435,365.092,758.329,446.265,102,0,212,213.236
434,367.263,755.782,447.369,101,0,213,213.176
404,372.084,755.717,449.198,100,0,214,212.48
399,366.784,753.538,449.913,99,0,215,213.014
366,368.008,751.613,450.724,98,0,216,213.226
350,367.003,750.436,452.02,97,0,217,213.193
332,369.575,749.747,453.363,96,0,218,212.599
332,371.06,748.785,454.161,95,0,219,211.105
312,371.122,748.047,455.012,94,0,220,212.644
293,375.072,746.331,455.615,93,0,221,212.816
273,373.388,746.197,456.124,92,0,222,212.166
289,365.433,745.03,456.851,91,0,223,211.951
272,364.603,744.403,458.575,90,0,224,212.316
249,350.59,743.906,458.067,89,0,225,212.987
253,358.356,743.208,458.352,88,0,226,210.851
233,349.155,743.383,458.529,87,0,227,210.138
255,341.325,743.514,457.925,86,0,228,210.739
235,347.762,743.539,458.031,85,0,229,212.232
221,348.959,742.937,458.136,84,0,230,210.458
227,345.762,743.421,458.23,83,0,231,210.37
217,336.429,742.915,458.75,82,0,232,210.328
217,348.226,742.255,458.883,81,0,233,211.858
209,325.99,741.945,458.739,80,0,102,211.074
214,353.71,820.234,459.651,119,0,235,217.154
204,355.672,817.939,460.333,118,0,236,216.116
200,355.11,816.737,459.658,117,0,237,214.806
198,349.086,816.23,460.318,116,0,238,215.55
195,349.513,814.468,459.938,115,0,239,215.158
366,359.164,801.428,454.172,114,0,240,215.315
336,357.134,802.035,455.446,113,0,241,214.609
322,355.842,799.353,454.87,112,0,242,213.823
337,355.487,798.925,455.705,111,0,243,213.857
322,357.329,797.435,456.357,110,0,244,214.098
318,356.72,795.224,456.148,109,0,245,213.909
320,356.991,793.532,456.631,108,0,246,214.748
287,359.22,791.901,457.625,107,0,247,213.206
279,364.057,789.564,457.789,106,0,248,214.556
289,364.564,788.493,457.361,105,0,249,213.896
281,348.537,787.392,457.249,104,0,250,213.442
239,360.038,785.498,457.517,103,0,251,214.081
248,351.617,783.845,458.02,102,0,252,213.236
242,364.05,782.262,458.484,101,0,253,213.176
223,347.91,780.652,459.846,100,0,254,212.48
224,353.259,779.522,459.866,99,0,255,213.014
207,354.729,777.866,459.056,98,0,256,213.226
381,365.585,763.913,462.165,97,0,257,213.193
370,360.97,763.154,463.279,96,0,258,212.599
385,360.096,763.681,463.723,95,0,259,211.105
369,354.523,763.089,464.31,94,0,260,212.644
343,352.408,762.609,463.762,93,0,261,212.816
329,345.125,760.497,464.509,92,0,262,212.166
330,343.815,760.411,465.038,91,0,263,211.951
313,340.249,759.183,466.556,90,0,264,212.316
300,349.707,757.092,466.528,89,0,265,212.987
277,340.917,756.387,466.553,88,0,266,210.851
268,344.53,755.72,466.814,87,0,267,210.138
251,334.586,753.986,467.525,86,0,268,210.739
244,340.025,753.467,467.607,85,0,269,212.232
227,338.674,752.646,467.914,84,0,270,210.458
221,340.602,751.889,468.401,83,0,271,210.37
222,320.64,751.523,469.059,82,0,272,210.328
223,328.928,749.815,469.908,81,0,273,211.858
221,322.249,749.176,470.486,80,0,274,211.074
208,326.423,746.053,471.927,79,0,275,211.947
198,329.141,744.41,472.941,78,0,276,210.271
186,321.296,742.914,473.637,77,0,277,209.175
365,334.625,732.707,484.428,76,0,278,211.921
368,337.856,732.166,484.772,75,0,279,211.876
348,331.195,731.038,485.939,74,0,280,210.921
326,334.761,730.661,486.836,73,0,281,209.944
319,333.937,730.555,487.384,72,0,282,212.099
275,343.618,730.927,487.653,71,0,283,209.976
287,339.223,730.571,487.853,70,0,284,209.856
270,332.137,729.633,489.022,69,0,285,209.97
263,327.935,729.149,488.914,68,0,286,210.181
258,330.903,727.994,489.865,67,0,287,208.145
249,331.996,727.09,490.178,66,0,288,209.898
227,332.181,726.306,491.152,65,0,289,209.865
218,332.468,725.045,492.93,64,0,290,210.86
220,327.664,725.093,493.093,63,0,291,210.204
195,342.277,723.883,493.986,62,0,292,209.492
184,339.902,723.671,495.269,61,0,293,211.015
177,347.192,723.795,496.277,60,0,294,209.628
162,337.235,724.265,496.908,59,0,295,211.492
391,330.35,737.902,493.969,58,0,296,211.53
370,320.184,737.887,493.912,57,0,297,210.859
380,331.087,736.518,494.336,56,0,298,211.498
342,325.743,734.678,495.643,55,0,299,210.115
310,330.21,733.326,495.507,54,0,300,210.674
299,339.281,733.009,496.146,53,0,301,210.697
294,329.701,730.714,496.571,52,0,302,210.616
272,340.46,728.958,497.798,51,0,303,211.31
251,336.187,728.516,497.934,50,0,304,210.577
228,339.575,726.657,498.493,49,0,305,212.015
224,338.804,725.983,499.167,48,0,306,210.621
230,341.178,725.293,499.61,47,0,307,211.657
221,335.525,725.138,500.196,46,0,308,212.543
213,335.061,724.645,500.572,45,0,309,211.424
214,334.673,725.203,500.901,44,0,310,211.544
222,333.468,726.686,501.777,43,0,311,212.916
199,339.558,728.217,501.603,42,0,312,212.166
188,333.383,728.962,501.991,41,0,313,212.453
181,331.381,729.994,502.475,40,0,314,213.067
193,331.637,732.032,502.974,39,0,315,213.796
445,320.272,744.329,506.801,38,0,316,213.223
447,313.629,744.199,506.96,37,0,317,213.235
432,315.31,744.773,507.127,36,0,318,213.82
430,314.142,745.103,507.011,35,0,319,213.8
415,322.378,744.807,507.187,34,0,320,214.548
412,320.398,744.558,507.024,33,0,321,216.293
419,316.091,745.151,507.233,32,0,322,214.197
400,322.698,744.587,506.915,31,0,323,215.896
394,318.168,744.257,507.014,30,0,324,215.759
397,324.146,744.508,506.837,29,0,325,216.95
377,323.65,744.265,506.719,28,0,326,217.175
354,315.184,743.829,506.665,27,0,327,217.241
362,327.149,743.624,506.713,26,0,328,218.277
351,328.311,743.351,507.183,25,0,329,218.482
341,328.933,743.681,506.812,24,0,330,219.75
318,326.138,743.526,506.597,23,0,331,219.082
316,331.07,744.133,506.904,22,0,160,220.043
425,341.562,849.402,491.705,119,0,333,217.154
397,340.866,846.437,490.489,118,0,334,216.116
393,344.735,844.229,488.899,117,0,335,214.806
353,342.47,841.679,488.372,116,0,336,215.55
362,347.66,838.977,488.475,115,0,337,215.158
350,351.806,835.304,487.074,114,0,338,215.315
329,348.021,833.24,486.8,113,0,339,214.609
349,336.748,831.657,485.642,112,0,340,213.823
334,347.189,829.519,484.446,111,0,341,213.857
306,346.467,827.287,482.996,110,0,342,214.098
316,341.177,826.074,482.594,109,0,343,213.909
306,342.719,824.485,482.516,108,0,344,214.748
312,346.006,822.743,482.865,107,0,345,213.206
290,345.241,822.069,482.697,106,0,346,214.556
279,338.935,820.94,483.158,105,0,347,213.896
263,348.46,819.694,482.562,104,0,348,213.442
252,350.921,819.018,483.045,103,0,349,214.081
254,338.295,817.898,483.016,102,0,350,213.236
236,337.653,815.427,482.28,101,0,351,213.176
219,344.589,813.968,483.153,100,0,352,212.48
237,342.549,812.506,482.813,99,0,353,213.014
413,354.831,798.723,477.973,98,0,354,213.226
404,354.522,797.03,477.784,97,0,355,213.193
381,351.583,795.262,478.329,96,0,356,212.599
355,348.113,793.406,478.562,95,0,357,211.105
334,352.24,791.445,478.667,94,0,358,212.644
334,354.353,788.657,477.661,93,0,359,212.816
317,355.634,787.15,477.631,92,0,360,212.166
288,350.889,785.449,477.515,91,0,361,211.951
304,341.888,785.241,478.346,90,0,362,212.316
262,351.538,783.637,477.222,89,0,363,212.987
261,340.299,781.057,476.793,88,0,364,210.851
251,340.239,781.014,476.847,87,0,365,210.138
254,336.941,779.255,476.539,86,0,366,210.739
240,339.912,779.161,476.723,85,0,367,212.232
230,341.622,778.848,477.902,84,0,368,210.458
247,325.344,777.669,479.066,83,0,369,210.37
227,335.652,776.597,479.768,82,0,370,210.328
228,331.232,776.07,480.557,81,0,371,211.858
222,325.599,775.074,481.205,80,0,372,211.074
438,329.505,762.146,484.779,79,0,373,211.947
412,325.847,762.347,485.596,78,0,374,210.271
408,315.958,761.598,486.648,77,0,375,209.175
408,315.696,761.024,487.609,76,0,376,211.921
368,325.337,761.131,488.074,75,0,377,211.876
369,312.404,760.496,488.491,74,0,378,210.921
352,314.642,759.783,488.96,73,0,379,209.944
362,317.204,758.935,488.954,72,0,380,212.099
331,320.834,758.202,489.156,71,0,381,209.976
306,320.592,757.893,489.607,70,0,382,209.856
285,314.095,757.548,489.647,69,0,383,209.97
306,315.418,757.088,490.135,68,0,384,210.181
308,319.435,757.045,490.702,67,0,385,208.145
301,316.761,756.295,491.134,66,0,386,209.898
291,308.588,756.485,491.677,65,0,387,209.865
286,316.336,755.434,492.503,64,0,388,210.86
260,309.335,754.121,492.108,63,0,389,210.204
264,306.705,753.173,491.695,62,0,390,209.492
243,314.572,751.818,491.511,61,0,391,211.015
227,324.291,750.838,491.137,60,0,392,209.628
232,307.181,750.235,491.641,59,0,295,211.492
209,335.617,846.61,521.58,119,0,394,217.154
200,335.685,845.607,521.422,118,0,395,216.116
198,335.086,845.33,520.019,117,0,396,214.806
356,336.267,838.857,510.399,116,0,397,215.55
351,339.16,836.722,509.748,115,0,398,215.158
327,333.881,834.239,509.477,114,0,399,215.315
336,337.94,832.304,509.041,113,0,400,214.609
320,329.722,830.793,508.789,112,0,401,213.823
311,332.55,829.323,508.142,111,0,402,213.857
286,338.832,827.294,507.418,110,0,403,214.098
280,332.661,825.056,506.268,109,0,404,213.909
254,335.319,822.124,504.715,108,0,405,214.748
264,339.034,820.726,505.167,107,0,406,213.206
260,340.965,819.646,504.262,106,0,407,214.556
257,334.272,818.393,502.695,105,0,408,213.896
253,344.383,817.851,502.225,104,0,409,213.442
242,333.244,817.522,501.931,103,0,410,214.081
235,336.004,817.398,502.35,102,0,411,213.236
236,332.72,815.271,501.365,101,0,412,213.176
230,333.926,814.241,501.371,100,0,413,212.48
213,337.235,812.161,500.498,99,0,414,213.014
202,347.158,810.759,499.121,98,0,415,213.226
202,343.475,809.452,497.589,97,0,416,213.193
191,337.435,807.662,497.266,96,0,417,212.599
382,348.948,794.251,492.937,95,0,418,211.105
356,349.02,791.908,492.674,94,0,419,212.644
352,349.818,789.95,492.22,93,0,420,212.816
349,346.527,788.712,492.071,92,0,421,212.166
343,350.137,787.176,491.902,91,0,422,211.951
304,348.372,786.591,492.488,90,0,423,212.316
304,349.368,784.267,491.359,89,0,424,212.987
297,349.306,784.816,491.156,88,0,425,210.851
285,345.453,783.873,491.413,87,0,426,210.138
278,344.029,782.916,491.036,86,0,427,210.739
262,345.752,782.029,491.484,85,0,428,212.232
269,335.866,781.189,492.443,84,0,429,210.458
236,330.212,779.443,493.812,83,0,430,210.37
235,326.034,778.418,494.144,82,0,431,210.328
229,334.799,777.27,494.684,81,0,432,211.858
211,335.436,775.649,496.196,80,0,433,211.074
217,330.806,774.472,496.529,79,0,434,211.947
196,325.531,773.041,497.633,78,0,435,210.271
205,322.576,771.333,498.842,77,0,436,209.175
188,325.394,770.219,499.801,76,0,437,211.921
185,320.081,768.981,500.604,75,0,438,211.876
172,318.517,768.61,501.141,74,0,439,210.921
307,332.987,756.038,502.056,73,0,440,209.944
296,331.946,756.719,502.262,72,0,441,212.099
277,326.054,755.734,502.332,71,0,442,209.976
259,326.703,754.207,502.54,70,0,443,209.856
257,331.911,751.753,502.471,69,0,444,209.97
240,322.662,749.769,502.58,68,0,445,210.181
225,333.404,748.404,502.902,67,0,446,208.145
213,343.286,746.046,503.168,66,0,447,209.898
205,337.761,744.729,503.126,65,0,448,209.865
202,331.545,744.862,504.275,64,0,449,210.86
185,332.146,744.302,503.866,63,0,450,210.204
212,336.854,745.373,505.419,62,0,451,209.492
515,307.783,761.933,509.647,61,0,452,211.015
498,309.349,761.072,509.889,60,0,453,209.628
494,305.543,761.43,510.488,59,0,454,211.492
476,314.5,760.703,510.292,58,0,455,211.53
461,314.952,759.434,510.346,57,0,456,210.859
427,315.375,759.397,510.439,56,0,457,211.498
439,313.986,758.227,511.295,55,0,458,210.115
427,312.895,757.432,510.408,54,0,459,210.674
400,315.902,758.154,510.7,53,0,460,210.697
380,315.739,757.732,510.643,52,0,461,210.616
372,314.554,757.493,511.021,51,0,462,211.31
361,322.091,756.897,511.001,50,0,463,210.577
363,310.102,756.354,510.989,49,0,464,212.015
351,304.587,755.838,510.717,48,0,465,210.621
351,309.858,756.926,510.895,47,0,466,211.657
367,307.757,757.541,510.889,46,0,467,212.543
320,307.528,755.932,509.988,45,0,468,211.424
305,306.003,755.103,509.638,44,0,469,211.544
310,305.523,755.728,510.457,43,0,470,212.916
292,302.521,755.889,510.159,42,0,471,212.166
292,306.267,755.454,510.19,41,0,472,212.453
272,308.816,755.021,510.233,40,0,473,213.067
237,311.764,755.791,510.406,39,0,315,213.796
548,319.714,838.284,539.33,119,0,475,217.154
509,318.002,838.888,540.17,118,0,476,216.116
466,315.054,838.159,537.434,117,0,477,214.806
407,319.297,836.294,535.621,116,0,478,215.55
468,313.635,837.964,537.421,115,0,479,215.158
443,309.896,838.436,537.618,114,0,480,215.315
418,316.354,837.023,535.968,113,0,481,214.609
407,307.054,836.712,535.874,112,0,482,213.823
394,307.937,836.33,535.016,111,0,483,213.857
389,314.414,836.839,535.312,110,0,484,214.098
413,305.695,836.47,535.187,109,0,485,213.909
364,313.363,835.579,534.527,108,0,486,214.748
372,310.844,834.614,534.587,107,0,487,213.206
338,314.651,834.1,533.568,106,0,488,214.556
331,307.834,834.16,532.586,105,0,489,213.896
337,311.08,833.676,531.821,104,0,490,213.442
349,312.163,833.626,531.633,103,0,491,214.081
331,305.211,833.336,531.638,102,0,492,213.236
534,329.193,821.831,523.679,101,0,493,213.176
502,321.719,821.146,523.533,100,0,494,212.48
496,321.397,821.12,523.28,99,0,495,213.014
459,326.732,819.983,521.6,98,0,496,213.226
482,322.143,820.726,522.02,97,0,497,213.193
480,319.215,819.655,521.23,96,0,498,212.599
422,321.493,818.053,520.236,95,0,499,211.105
442,324.005,817.497,520.261,94,0,500,212.644
403,320.087,815.752,518.316,93,0,501,212.816
408,323.125,814.331,518.148,92,0,502,212.166
370,327.735,812.787,517.442,91,0,503,211.951
404,322.379,812.836,519.079,90,0,504,212.316
379,328.393,811.268,516.883,89,0,505,212.987
372,318.277,810.702,517.227,88,0,506,210.851
351,321.615,809.44,516.793,87,0,507,210.138
375,307.248,809.942,517.343,86,0,508,210.739
383,304.405,809.331,518.487,85,0,509,212.232
348,304.991,807.589,517.865,84,0,510,210.458
338,313.524,807.257,517.585,83,0,511,210.37
319,298.069,806.11,517.485,82,0,512,210.328
341,302.795,805.118,517.304,81,0,513,211.858
489,315.517,792.592,514.149,80,0,514,211.074
481,316.017,791.88,514.099,79,0,515,211.947
485,314.047,790.361,514.079,78,0,516,210.271
472,307.915,789.839,514.244,77,0,517,209.175
454,307.264,788.753,514.161,76,0,518,211.921
419,307.129,788.27,513.961,75,0,519,211.876
405,304.494,786.621,514.001,74,0,520,210.921
428,303.418,784.607,513.863,73,0,521,209.944
420,299.729,783.917,513.731,72,0,522,212.099
387,296.455,781.349,513.981,71,0,523,209.976
408,299.694,780.535,513.58,70,0,524,209.856
377,295.483,778.073,513.819,69,0,525,209.97
397,292.332,777.719,513.685,68,0,526,210.181
373,297.276,777.127,513.694,67,0,527,208.145
358,299.299,776.663,513.51,66,0,528,209.898
344,298.645,776.603,513.405,65,0,529,209.865
347,299.68,776.864,513.615,64,0,530,210.86
337,296.534,775.557,512.888,63,0,531,210.204
298,295.852,775.963,512.606,62,0,451,209.492
402,359.226,811.014,510.274,119,0,533,217.154
381,357.724,810.679,511.442,118,0,534,216.116
363,355.044,809.827,510.749,117,0,535,214.806
350,354.543,808.574,511.074,116,0,536,215.55
334,350.231,807.734,510.808,115,0,537,215.158
342,357.298,807.207,510.921,114,0,538,215.315
314,347.701,806.054,511.214,113,0,539,214.609
286,351.594,804.648,511.209,112,0,540,213.823
292,346.003,804.514,511.449,111,0,1847,213.857
150,363.74,837.852,497.113,119,0,542,217.154
158,341.424,836.735,498.694,118,0,543,216.116
149,344.872,834.574,498.598,117,0,396,214.806
206,365.937,814.505,488.384,119,0,545,217.154
196,364.76,812.996,487.94,118,0,546,216.116
185,367.27,811.69,486.934,117,0,547,214.806
358,372.52,798.187,479.019,116,0,548,215.55
343,371.816,796.202,478.522,115,0,549,215.158
344,370.017,795.907,479.024,114,0,550,215.315
310,376.761,794.679,479.335,113,0,1856,214.609
312,379.756,809.616,467.881,119,0,552,217.154
306,379.598,807.532,468.669,118,0,553,216.116
279,375.039,806.04,468.399,117,0,554,214.806
282,376.713,804.626,468.571,116,0,555,215.55
252,376.46,803.707,468.527,115,0,556,215.158
244,368.328,802.168,468.873,114,0,557,215.315
240,377.917,802.166,469.62,113,0,558,214.609
248,375.323,800.435,469.545,112,0,559,213.823
224,371.973,799.867,470.137,111,0,560,213.857
230,375.857,798.632,470.586,110,0,561,214.098
230,376.413,798.038,471.03,109,0,562,213.909
226,376.788,796.776,471.321,108,0,563,214.748
218,372.711,795.972,472.138,107,0,564,213.206
213,373.84,795.18,471.938,106,0,565,214.556
193,377.829,793.9,471.557,105,0,566,213.896
202,372.609,792.528,470.788,104,0,567,213.442
192,385.833,791.218,470.875,103,0,568,214.081
175,366.994,790.417,471.234,102,0,569,213.236
176,379.79,788.923,471.438,101,0,570,213.176
187,373.139,788.176,472.482,100,0,571,212.48
164,379.726,785.926,473.282,99,0,353,213.014
185,374.405,794.801,439.188,119,0,573,217.154
179,370.302,792.1,441.207,118,0,574,216.116
178,380.955,791.109,442.495,117,0,575,214.806
173,374.069,789.875,444.395,116,0,576,215.55
155,364.181,790.184,446.977,115,0,239,215.158
345,387.38,759.453,421.241,119,0,578,217.154
336,385.932,759.025,424.156,118,0,579,216.116
325,388.329,756.426,425.752,117,0,580,214.806
300,383.727,754.607,428.058,116,0,581,215.55
285,389.575,753.075,429.423,115,0,582,215.158
265,389.615,752.231,430.597,114,0,583,215.315
268,387.246,750.844,431.358,113,0,584,214.609
265,381.608,750.826,431.739,112,0,585,213.823
260,381.496,749.514,433.156,111,0,203,213.857
208,424.077,717.245,418.042,119,0,587,217.154
200,438.855,717.893,420.352,118,0,588,216.116
173,445.601,719.532,421.438,117,0,589,214.806
355,444.8,709.439,428.012,116,0,590,215.55
340,441.782,709.154,428.506,115,0,591,215.158
323,451.282,708.735,429.689,114,0,592,215.315
321,451.558,709.359,430.516,113,0,593,214.609
292,443.997,708.806,431.795,112,0,594,213.823
297,439.593,708.698,433.374,111,0,595,213.857
273,443.117,708.515,435.447,110,0,596,214.098
267,428.397,708.952,436.953,109,0,597,213.909
277,431.184,708.952,439.137,108,0,598,214.748
251,438.61,708.876,442.34,107,0,599,213.206
243,434.984,710.029,444.105,106,0,600,214.556
245,434.237,710.202,446.045,105,0,601,213.896
231,440.048,710.48,448.705,104,0,602,213.442
212,432.467,710.407,451.697,103,0,603,214.081
224,435.933,711.148,453.944,102,0,604,213.236
216,431.87,710.291,455.114,101,0,605,213.176
211,433.616,710.442,457.08,100,0,606,212.48
208,420.995,710.211,458.357,99,0,607,213.014
201,424.876,710.05,459.715,98,0,608,213.226
203,409.369,710.194,461.569,97,0,609,213.193
184,401.908,711.005,463.243,96,0,1875,212.599
176,428.068,723.129,435.316,119,0,611,217.154
336,428.065,716.487,446.087,118,0,612,216.116
328,434.128,716.375,447.934,117,0,613,214.806
331,441.647,716.495,450.209,116,0,614,215.55
326,433.853,715.84,451.418,115,0,615,215.158
308,427.734,715.936,452.853,114,0,616,215.315
290,427.593,716.094,453.835,113,0,617,214.609
294,420.874,716.926,454.803,112,0,618,213.823
281,411.267,717.361,455.809,111,0,619,213.857
296,407.797,718.965,456.026,110,0,620,214.098
268,409.209,719.273,457.589,109,0,621,213.909
278,402.079,720.094,459.359,108,0,622,214.748
262,401.229,720.564,461.265,107,0,623,213.206
263,412.274,720.778,463.46,106,0,624,214.556
241,411.444,720.825,464.476,105,0,625,213.896
239,401.753,721.09,466.605,104,0,626,213.442
222,408.135,721.642,468.089,103,0,627,214.081
221,408.244,722.68,468.322,102,0,628,213.236
219,404.534,722.856,469.249,101,0,629,213.176
210,409.071,723.04,470.415,100,0,630,212.48
198,405.121,722.357,471.692,99,0,631,213.014
199,394.196,721.916,473.292,98,0,632,213.226
198,396.495,721.946,475.203,97,0,633,213.193
193,398.803,722.505,476.898,96,0,634,212.599
357,385.395,716.985,488.029,95,0,635,211.105
359,390.872,718.321,487.35,94,0,636,212.644
326,384.012,718.982,487.38,93,0,637,212.816
319,377.589,719.139,488.213,92,0,638,212.166
320,380.1,719.967,488.311,91,0,639,211.951
300,366.82,721.154,489.768,90,0,640,212.316
291,372.22,722.295,488.886,89,0,641,212.987
265,364.615,723.404,489.306,88,0,642,210.851
272,366.368,724.679,490.627,87,0,643,210.138
260,362.969,725.611,489.716,86,0,644,210.739
253,356.063,726.093,489.636,85,0,645,212.232
243,357.654,726.685,489.541,84,0,646,210.458
241,354.286,726.731,490.789,83,0,647,210.37
226,346.23,727.158,490.397,82,0,648,210.328
216,341.194,727.367,490.916,81,0,649,211.858
213,340.131,727.305,491.213,80,0,650,211.074
196,342.286,726.499,492.265,79,0,651,211.947
191,342.429,726.17,492.263,78,0,652,210.271
187,335.652,725.516,492.851,77,0,277,209.175
375,416.96,758.57,435.002,119,0,654,217.154
344,426.413,757.273,437.87,118,0,655,216.116
328,422.677,756.655,439.17,117,0,656,214.806
326,424.325,754.418,441.304,116,0,657,215.55
345,420.948,753.916,442.944,115,0,658,215.158
333,411.652,752.74,443.829,114,0,659,215.315
316,409.342,751.993,444.562,113,0,660,214.609
310,406.487,752.572,445.777,112,0,661,213.823
289,404.962,752.015,446.748,111,0,662,213.857
270,404.537,752.363,448.997,110,0,663,214.098
270,410.067,750.427,450.372,109,0,664,213.909
252,405.552,751.495,452.734,108,0,665,214.748
246,404.585,750.429,455.691,107,0,666,213.206
231,407.1,749.932,457.886,106,0,667,214.556
226,408.73,749.248,458.666,105,0,668,213.896
220,388.545,748.367,460.279,104,0,669,213.442
217,392.129,748.476,461.438,103,0,670,214.081
202,390.822,749.296,462.144,102,0,671,213.236
211,389.872,748.054,463.101,101,0,672,213.176
199,389.884,747.645,464.681,100,0,673,212.48
177,395.243,748.809,464.306,99,0,674,213.014
167,391.994,748.482,465.006,98,0,256,213.226
205,404.395,737.37,447.446,119,0,676,217.154
172,411.163,735.582,450.676,118,0,677,216.116
181,414.652,735.671,452.251,117,0,678,214.806
157,410.248,736.416,454.049,116,0,1114,215.55
382,393.819,764.693,453.414,119,0,680,217.154
338,397.663,763.466,455.569,118,0,681,216.116
338,403.092,763.547,456.859,117,0,682,214.806
314,400.293,762.639,458.451,116,0,683,215.55
312,396.926,762.368,459.373,115,0,684,215.158
291,404.333,762.366,460.244,114,0,685,215.315
300,402.427,761.928,460.853,113,0,686,214.609
282,400.089,761.859,461.275,112,0,687,213.823
261,396.54,761.73,461.745,111,0,688,213.857
264,402.621,761.053,463.123,110,0,689,214.098
251,408.482,760.463,464.568,109,0,690,213.909
245,404.69,760.522,466.116,108,0,691,214.748
214,410.832,761.121,467.847,107,0,692,213.206
189,418.291,760.531,469.321,106,0,693,214.556
200,416.6,759.801,469.968,105,0,694,213.896
193,403.181,759.41,470.703,104,0,695,213.442
189,408.741,760.434,471.245,103,0,696,214.081
179,411.089,758.911,472.452,102,0,697,213.236
186,404.78,757.963,473.664,101,0,698,213.176
343,409.029,745.397,478.692,100,0,699,212.48
322,407.584,745.625,478.506,99,0,700,213.014
325,403.868,744.486,478.916,98,0,701,213.226
309,407.511,745.11,480.001,97,0,702,213.193
298,398.611,745.775,481.099,96,0,703,212.599
285,399.67,746.005,481.57,95,0,704,211.105
266,401.462,745.807,482.276,94,0,705,212.644
250,400.928,746.493,481.878,93,0,706,212.816
254,397.402,747.767,482.275,92,0,707,212.166
245,388.669,747.073,483.471,91,0,708,211.951
234,381.927,747.49,484.754,90,0,709,212.316
231,384.061,748.023,484.159,89,0,710,212.987
208,383.438,747.988,484.029,88,0,711,210.851
201,380.458,747.906,484.635,87,0,712,210.138
207,372.271,748.186,484.833,86,0,713,210.739
198,365.439,748.573,484.208,85,0,714,212.232
196,360.143,749.012,484.342,84,0,715,210.458
182,362.945,748.461,484.232,83,0,716,210.37
175,365.543,748.045,485.12,82,0,717,210.328
170,367.871,748.053,486.431,81,0,718,211.858
186,353.554,748.584,487.489,80,0,372,211.074
212,386.873,782.092,478.32,119,0,720,217.154
208,386.38,779.659,479.639,118,0,721,216.116
205,381.498,778.531,479.382,117,0,722,214.806
185,388.184,777.052,480.582,116,0,723,215.55
363,390.851,764.614,478.532,115,0,724,215.158
348,387.313,763.71,478.682,114,0,725,215.315
334,375.641,762.625,478.99,113,0,726,214.609
320,385.394,760.302,478.922,112,0,727,213.823
315,384.838,759.711,479.548,111,0,728,213.857
310,385.268,759.586,480.761,110,0,729,214.098
277,380.661,760.074,481.68,109,0,730,213.909
281,379.025,759.634,483.124,108,0,731,214.748
271,379.347,758.197,484.507,107,0,732,213.206
246,378.126,758.711,485.477,106,0,733,214.556
238,375.324,758.463,485.315,105,0,734,213.896
237,378.08,759.177,486.305,104,0,735,213.442
237,369.751,757.29,487.117,103,0,736,214.081
182,380.577,756.559,487.514,102,0,737,213.236
228,375.811,754.605,488.886,101,0,738,213.176
213,371.221,754.408,489.624,100,0,739,212.48
205,381.971,753.236,489.671,99,0,740,213.014
189,380.45,752.494,489.356,98,0,741,213.226
175,379.446,753.573,490.538,97,0,742,213.193
182,381.467,751.682,491.702,96,0,1873,212.599
275,432.175,794.976,495.894,119,0,744,217.154
288,421.08,795.403,497.585,118,0,745,216.116
278,416.77,795.409,497.234,117,0,746,214.806
286,414.115,794.263,497.318,116,0,747,215.55
289,403.509,794.057,497.086,115,0,748,215.158
271,400.159,792.983,496.901,114,0,749,215.315
259,399.347,791.24,496.846,113,0,750,214.609
272,389.331,791.281,496.767,112,0,751,213.823
256,394.438,790.662,496.88,111,0,752,213.857
252,383.579,791.09,497.53,110,0,753,214.098
235,388.123,790.821,498.201,109,0,754,213.909
219,376.507,790.305,498.258,108,0,755,214.748
222,379.234,789.034,498.766,107,0,756,213.206
202,376.52,788.506,498.773,106,0,757,214.556
213,371.315,787.941,498.14,105,0,758,213.896
202,380.351,788.509,497.471,104,0,759,213.442
191,374.152,789.432,497.497,103,0,760,214.081
204,371.941,789.128,497.913,102,0,761,213.236
191,365.738,787.521,498.103,101,0,762,213.176
368,373.641,774.169,500.426,100,0,763,212.48
360,371.819,773.877,500.544,99,0,764,213.014
350,369.237,772.893,500.82,98,0,765,213.226
339,370.428,772.481,501.471,97,0,766,213.193
324,369.975,772.272,502.543,96,0,767,212.599
306,357.601,772.89,503.028,95,0,768,211.105
279,360.724,773.341,503.504,94,0,769,212.644
261,361.69,771.8,503.031,93,0,770,212.816
257,362.712,773.019,503.165,92,0,771,212.166
233,362.322,772.822,503.625,91,0,772,211.951
241,359.51,772.973,504.651,90,0,773,212.316
223,363.547,772.904,503.947,89,0,774,212.987
220,356.055,773.578,503.65,88,0,775,210.851
231,351.632,772.94,503.985,87,0,776,210.138
196,353.383,773.313,503.574,86,0,777,210.739
198,348.737,774.227,503.56,85,0,778,212.232
192,349.74,773.951,503.969,84,0,779,210.458
195,348.179,774.431,505.187,83,0,780,210.37
189,340.698,774.495,505.948,82,0,781,210.328
193,340.316,774.924,507.302,81,0,513,211.858
333,339.892,806.508,530.152,119,0,783,217.154
316,339.617,805.644,530.44,118,0,784,216.116
290,334.959,805.942,529.103,117,0,785,214.806
308,331.925,806.107,529.736,116,0,786,215.55
301,331.551,805.176,528.585,115,0,787,215.158
285,325.502,804.45,528.246,114,0,788,215.315
284,325.528,804.478,528.561,113,0,789,214.609
278,325.191,804.008,527.727,112,0,790,213.823
272,326.221,803.613,528.034,111,0,791,213.857
258,319.95,803.495,528.118,110,0,792,214.098
270,328.411,802.895,527.845,109,0,793,213.909
232,327.651,802.411,527.579,108,0,794,214.748
238,318.756,801.85,528.091,107,0,795,213.206
241,328.66,801.797,527.371,106,0,796,214.556
230,330.022,801.062,526.528,105,0,797,213.896
214,320.925,799.986,525.659,104,0,798,213.442
211,319.55,798.911,525.448,103,0,799,214.081
372,327.978,788.637,519.978,102,0,800,213.236
380,327.068,787.386,519.362,101,0,801,213.176
364,327.31,788.747,520.472,100,0,802,212.48
351,326.647,787.718,519.688,99,0,803,213.014
323,332.889,787.914,518.787,98,0,804,213.226
316,328.329,786.812,518.468,97,0,805,213.193
315,328.416,787.263,518.998,96,0,806,212.599
304,325.941,786.911,519.136,95,0,807,211.105
293,334.334,786.404,518.788,94,0,808,212.644
279,328.344,785.28,517.928,93,0,809,212.816
266,330.602,784.571,517.818,92,0,810,212.166
246,338.516,783.653,517.591,91,0,811,211.951
247,329.672,783.648,518.573,90,0,812,212.316
239,340.251,782.978,517.764,89,0,813,212.987
236,341.631,781.984,517.313,88,0,814,210.851
222,337.833,780.007,517.369,87,0,815,210.138
227,338.78,778.331,516.971,86,0,816,210.739
199,338.432,775.854,516.761,85,0,817,212.232
192,345.141,774.18,516.958,84,0,818,210.458
203,346.537,770.27,516.743,83,0,819,210.37
181,345.956,768.526,517.086,82,0,820,210.328
361,353.399,754.067,516.67,81,0,821,211.858
353,350.609,752.573,516.919,80,0,822,211.074
349,350.103,750.577,516.867,79,0,823,211.947
323,348.486,749.162,516.622,78,0,824,210.271
319,347.875,747.633,516.695,77,0,825,209.175
296,345.639,746.6,516.299,76,0,826,211.921
291,355.533,745.765,516.133,75,0,827,211.876
281,349.644,744.363,515.999,74,0,828,210.921
278,348.687,743.477,515.846,73,0,829,209.944
261,348.165,742.436,515.725,72,0,830,212.099
235,353.281,742.045,515.596,71,0,831,209.976
245,353.257,741.016,515.522,70,0,832,209.856
238,354.563,740.359,515.659,69,0,833,209.97
220,342.605,739.682,515.308,68,0,834,210.181
222,354.158,738.864,515.368,67,0,835,208.145
487,355.218,724.217,514.488,66,0,836,209.898
467,354.439,723.451,514.503,65,0,837,209.865
449,353.381,722.912,515.172,64,0,838,210.86
458,348.319,722.082,514.518,63,0,839,210.204
447,354.213,721.397,514.341,62,0,840,209.492
432,357.771,719.817,514.142,61,0,841,211.015
399,364.466,719.922,514.017,60,0,842,209.628
380,369.984,719.367,514.305,59,0,843,211.492
367,376.436,718.767,513.885,58,0,844,211.53
369,370.444,719.088,513.769,57,0,845,210.859
383,377.869,718.743,513.684,56,0,846,211.498
377,375.828,718.858,514.588,55,0,847,210.115
355,374.192,718.21,513.276,54,0,848,210.674
345,377.896,718.45,513.007,53,0,849,210.697
349,369.415,717.403,512.938,52,0,850,210.616
315,376.778,717.058,512.9,51,0,851,211.31
318,382.431,717.181,512.654,50,0,852,210.577
288,383.309,716.836,512.613,49,0,853,212.015
281,372.427,716.266,512.75,48,0,854,210.621
282,388.124,716.226,512.919,47,0,855,211.657
266,383.756,715.739,512.724,46,0,856,212.543
258,387.283,715.25,512.869,45,0,857,211.424
260,388.281,715.082,512.845,44,0,858,211.544
238,388.752,714.786,513.092,43,0,859,212.916
242,382.219,714.342,512.44,42,0,860,212.166
239,388.038,714.083,512.542,41,0,861,212.453
245,376.367,713.876,512.346,40,0,862,213.067
235,379.634,714.056,512.046,39,0,863,213.796
227,377.502,714.097,511.995,38,0,864,213.223
228,382.969,713.895,511.712,37,0,865,213.235
227,381.066,714.227,511.681,36,0,866,213.82
220,374.232,714.289,511.383,35,0,867,213.8
454,369.106,700.879,511.196,34,0,868,214.548
444,365.851,701.121,511.019,33,0,869,216.293
421,369.572,701.584,510.777,32,0,870,214.197
436,367.452,701.278,510.679,31,0,871,215.896
432,363.292,701.427,510.62,30,0,872,215.759
424,367.311,701.134,510.478,29,0,873,216.95
423,368.258,701.593,510.346,28,0,874,217.175
410,356.132,701.4,510.192,27,0,875,217.241
422,356.588,701.248,510.223,26,0,876,218.277
421,356.354,701.467,510.871,25,0,877,218.482
414,357.116,701.468,509.947,24,0,878,219.75
407,357.803,701.33,509.833,23,0,879,219.082
386,360.78,701.317,509.805,22,0,880,220.043
388,356.052,701.663,509.883,21,0,881,220.587
375,349.963,701.494,510.86,20,0,882,221.294
370,358.784,701.847,509.55,19,0,883,223.551
362,353.992,701.471,509.573,18,0,884,223.719
348,358.911,701.703,509.108,17,0,885,224.153
327,364.78,701.355,509.078,16,0,886,226.019
337,357.588,701.742,509.104,15,0,887,225.984
326,353.635,701.601,509.487,14,0,888,227.529
340,356.591,701.161,509.262,13,0,889,227.342
320,352.725,701.595,508.487,12,0,890,228.993
328,354.5,701.873,508.524,11,0,891,230.042
329,348.389,701.65,508.416,10,0,892,231.106
314,354.35,701.527,508.273,9,0,893,233.321
321,347.548,701.568,508.232,8,0,894,235.87
318,343.591,701.586,508.23,7,0,895,236.835
311,351.723,701.606,508.686,6,0,896,238.539
318,346.198,701.507,508.665,5,0,897,240.818
310,353.348,701.235,508.175,4,0,898,244.871
303,358.343,701.735,507.672,3,0,899,248.968
288,360.198,702.102,507.547,2,0,900,253.654
276,367.906,701.803,507.072,1,0,0,262.645
325,354.948,774.167,508.825,119,0,902,217.154
290,360.659,774.29,509.183,118,0,903,216.116
277,357.422,774.96,509.542,117,0,904,214.806
268,363.101,774.718,510.571,116,0,905,215.55
236,360.373,774.521,510.82,115,0,906,215.158
233,356.472,775.004,511.689,114,0,907,215.315
218,356.454,774.788,511.33,113,0,908,214.609
202,351.248,775.48,512.236,112,0,909,213.823
207,350.874,775.012,511.874,111,0,910,213.857
193,351.482,774.496,511.517,110,0,911,214.098
186,348.575,774.996,512.477,109,0,912,213.909
183,351.115,774.708,512.916,108,0,913,214.748
174,347.023,774.77,514.503,107,0,914,213.206
163,346.939,775.409,513.614,106,0,915,214.556
167,342.611,776.629,513.65,105,0,916,213.896
160,339.2,776.244,513.493,104,0,917,213.442
157,352.611,776.384,513.845,103,0,799,214.081
175,398.549,751.468,469.139,119,0,919,217.154
181,395.536,751.122,471.355,118,0,920,216.116
150,406.433,750.99,472.102,117,0,921,214.806
162,406.42,750.591,473.965,116,0,723,215.55
290,430.307,750.833,481.944,119,0,923,217.154
273,430.817,749.578,484.169,118,0,924,216.116
268,434.47,750.407,484.775,117,0,925,214.806
257,430.086,750.182,486.899,116,0,926,215.55
254,425.11,750.488,488.073,115,0,927,215.158
245,432.412,751.218,489.033,114,0,928,215.315
239,426.703,751.063,489.609,113,0,929,214.609
247,418.842,752.188,490.008,112,0,930,213.823
216,418.685,753.045,491.104,111,0,1837,213.857
263,402.262,741.745,494.156,119,0,1822,217.154
308,367.308,763.833,520.591,119,0,933,217.154
301,367.957,764.136,520.508,118,0,934,216.116
270,366.315,765.489,520.128,117,0,935,214.806
256,365.215,765.643,521.437,116,0,936,215.55
274,362.609,766.912,522.129,115,0,937,215.158
236,352.695,766.424,522.063,114,0,938,215.315
262,357.615,766.472,521.412,113,0,939,214.609
239,357.808,767.457,522.348,112,0,940,213.823
239,351.615,767.332,522.494,111,0,941,213.857
231,350.727,767.199,522.506,110,0,942,214.098
231,350.182,767.529,523.449,109,0,943,213.909
231,350.762,767.166,523.745,108,0,944,214.748
198,351.54,765.805,524.316,107,0,945,213.206
201,353.468,766.574,523.411,106,0,946,214.556
197,351.386,765.78,522.42,105,0,947,213.896
192,351.229,765.652,522.901,104,0,948,213.442
353,378.83,754.804,516.11,103,0,949,214.081
358,362.757,755.419,516.485,102,0,950,213.236
345,364.223,753.913,515.491,101,0,951,213.176
327,361.138,754.954,516.738,100,0,952,212.48
341,364.015,753.742,515.774,99,0,953,213.014
333,369.802,754.086,515.573,98,0,954,213.226
318,365.717,753.271,515.499,97,0,955,213.193
302,362.533,753.857,516.288,96,0,956,212.599
293,367.048,753.133,515.754,95,0,957,211.105
273,364.011,753.04,515.773,94,0,958,212.644
264,360.027,753.407,515.293,93,0,959,212.816
260,362.535,753.624,515.72,92,0,960,212.166
252,363.762,753.424,515.693,91,0,961,211.951
238,362.861,753.687,516.836,90,0,962,212.316
256,366.59,752.636,516.046,89,0,963,212.987
238,351.803,752.963,516.216,88,0,964,210.851
232,357.086,752.305,516.523,87,0,965,210.138
229,362.044,750.861,515.656,86,0,966,210.739
227,360.04,749.445,515.55,85,0,967,212.232
215,354.805,748.572,515.487,84,0,968,210.458
179,366.844,746.665,515.454,83,0,969,210.37
187,359.668,745.737,515.767,82,0,820,210.328
486,427.165,740.76,517.931,119,0,971,217.154
458,433.026,740.58,519.088,118,0,972,216.116
448,427.679,741.602,518.883,117,0,973,214.806
430,433.126,740.859,519.578,116,0,974,215.55
407,432.435,740.742,519.301,115,0,975,215.158
404,432.97,740.918,519.323,114,0,976,215.315
408,431.939,740.641,519.379,113,0,977,214.609
387,436.24,741.299,520.077,112,0,978,213.823
380,423.95,741.107,520.303,111,0,979,213.857
358,426.416,740.247,520.32,110,0,980,214.098
357,431.333,739.815,520.399,109,0,981,213.909
310,436.935,739.374,520.49,108,0,982,214.748
309,435.256,738.521,521.359,107,0,983,213.206
296,433.311,738.418,520.944,106,0,984,214.556
282,443.174,737.606,520.445,105,0,985,213.896
281,431.883,736.481,520.06,104,0,986,213.442
264,442.617,735.804,520.011,103,0,987,214.081
253,444.055,735.37,519.916,102,0,988,213.236
243,436.313,735.118,519.933,101,0,989,213.176
257,434.973,735.978,521.004,100,0,990,212.48
233,438.794,734.797,520.068,99,0,991,213.014
225,430.902,734.577,519.374,98,0,992,213.226
224,426.179,734.155,519.144,97,0,993,213.193
220,421.4,734.123,519.947,96,0,994,212.599
218,418.583,733.929,519.694,95,0,995,211.105
222,420.351,733.425,520.115,94,0,996,212.644
225,404.32,732.108,519.188,93,0,997,212.816
226,404.159,731.337,519.105,92,0,998,212.166
224,398.929,731.057,518.794,91,0,999,211.951
225,395.862,729.957,519.231,90,0,1000,212.316
205,402.083,728.643,518.252,89,0,1001,212.987
206,385.966,727.634,517.611,88,0,1002,210.851
179,384.564,726.819,517.809,87,0,1003,210.138
190,385.911,725.723,517.199,86,0,1004,210.739
208,376.24,723.631,516.735,85,0,1005,212.232
367,378.441,713.412,515.991,84,0,1006,210.458
366,377.844,713.217,516.003,83,0,1007,210.37
376,368.609,713.127,515.556,82,0,1008,210.328
373,365.67,712.247,515.308,81,0,1009,211.858
352,370.335,711.679,515.134,80,0,1010,211.074
342,361.091,711.604,514.974,79,0,1011,211.947
329,358.204,711.2,514.89,78,0,1012,210.271
304,356.135,711.283,514.701,77,0,1013,209.175
325,354.908,711.232,514.594,76,0,1014,211.921
301,364.89,711.333,514.498,75,0,1015,211.876
294,365.677,711.432,514.503,74,0,1016,210.921
294,349.69,710.743,514.493,73,0,1017,209.944
285,351.13,711.416,514.129,72,0,1018,212.099
283,358.7,711.376,514.205,71,0,1019,209.976
264,358.898,711.663,514.245,70,0,1020,209.856
264,353.826,711.201,514.17,69,0,1021,209.97
271,362.288,711.459,514.115,68,0,1022,210.181
247,360.644,711.035,513.901,67,0,835,208.145
190,463.353,728.827,529.643,119,0,1024,217.154
377,461.578,717.904,528.033,118,0,1025,216.116
365,469.521,717.728,526.631,117,0,1026,214.806
351,463.826,717.444,526.999,116,0,1027,215.55
350,456.277,716.718,526.323,115,0,1028,215.158
343,463.461,716.635,525.908,114,0,1029,215.315
328,463.521,715.244,525.661,113,0,1030,214.609
327,457.028,715.736,525.472,112,0,1031,213.823
321,460.15,714.834,525.406,111,0,1032,213.857
302,459.513,713.255,524.853,110,0,1033,214.098
298,458.289,713.974,524.737,109,0,1034,213.909
289,452.696,713.161,524.764,108,0,1035,214.748
300,452.44,712.248,524.755,107,0,1036,213.206
279,454.785,711.794,524.121,106,0,1037,214.556
282,458.404,711.504,523.487,105,0,1038,213.896
272,441.239,710.686,522.549,104,0,1039,213.442
265,455.891,710.363,522.367,103,0,1040,214.081
250,455.508,710.022,522.3,102,0,1041,213.236
263,449.7,709.039,521.666,101,0,1042,213.176
256,440.793,709.467,522.37,100,0,1043,212.48
245,450.722,708.872,521.678,99,0,1044,213.014
236,448.025,708.24,520.635,98,0,1045,213.226
235,439.034,707.941,520.112,97,0,1046,213.193
242,430.694,708.022,520.227,96,0,1047,212.599
230,424.161,707.844,519.712,95,0,1048,211.105
232,414.108,707.305,519.52,94,0,1049,212.644
233,409.979,706.718,518.332,93,0,1050,212.816
228,404.022,706.562,517.927,92,0,1051,212.166
229,392.563,706.496,517.799,91,0,1052,211.951
212,394.363,706.427,517.96,90,0,1053,212.316
203,400.547,705.634,516.994,89,0,1054,212.987
196,394.403,704.799,516.536,88,0,1055,210.851
193,386.29,705.099,516.053,87,0,1056,210.138
191,378.953,704.583,515.636,86,0,1057,210.739
166,387.313,703.871,515.383,85,0,1005,212.232
182,472.374,707.901,526.786,119,0,1024,217.154
197,412.061,713.992,502.528,119,0,1060,217.154
213,411.117,713.549,501.336,118,0,1061,216.116
190,412.353,715.046,500.617,117,0,1062,214.806
178,400.551,715.309,501.139,116,0,1063,215.55
173,399.237,715.326,500.721,115,0,1064,215.158
338,402.905,721.635,490.137,114,0,1065,215.315
315,394.781,721.856,491.024,113,0,1066,214.609
315,400.863,721.787,492.777,112,0,1067,213.823
293,398.058,722.469,493.126,111,0,1068,213.857
284,399.243,723.344,494.114,110,0,1069,214.098
274,387.989,724.424,493.261,109,0,1070,213.909
266,390.902,724.6,494.949,108,0,1071,214.748
255,391.173,724.455,496.236,107,0,1072,213.206
238,389.735,725.441,496.685,106,0,1073,214.556
230,399.043,725.488,497.072,105,0,1074,213.896
215,395.34,726.246,497.76,104,0,1075,213.442
221,383.91,724.829,499.925,103,0,1076,214.081
188,392.511,725.162,500.433,102,0,1077,213.236
200,390.82,724.456,500.555,101,0,1078,213.176
178,391.82,725.228,501.709,100,0,1079,212.48
174,390.08,725.363,501.091,99,0,1080,213.014
188,383.298,726.336,500.896,98,0,1081,213.226
160,384.738,725.941,501.269,97,0,1082,213.193
162,383.006,726.517,502.055,96,0,1083,212.599
142,386.908,727.028,502.141,95,0,1084,211.105
142,381.176,728.261,502.437,94,0,1085,212.644
299,374.12,739.619,497.674,93,0,1086,212.816
288,372.326,739.277,498.363,92,0,1087,212.166
272,376.118,740.258,498.886,91,0,1088,211.951
261,376.64,741.777,499.921,90,0,1089,212.316
253,379.411,741.943,499.566,89,0,1090,212.987
247,367.599,744.045,498.868,88,0,1091,210.851
225,356.831,744.867,499.456,87,0,1092,210.138
233,372.249,745.178,499.475,86,0,1093,210.739
224,361.179,746.112,499.41,85,0,1094,212.232
211,364.128,744.774,499.904,84,0,1095,210.458
210,370.771,744.943,500.092,83,0,1096,210.37
195,350.544,745.284,500.207,82,0,1097,210.328
179,365.492,745.061,501.399,81,0,1098,211.858
179,360.123,745.605,502.173,80,0,1099,211.074
162,358.469,744.134,503.061,79,0,1100,211.947
157,353.471,743.545,502.446,78,0,1101,210.271
149,349.503,742.969,502.567,77,0,1102,209.175
145,351.71,742.264,502.511,76,0,1103,211.921
146,344.411,741.919,502.514,75,0,1104,211.876
144,332.049,742.053,502.312,74,0,439,210.921
179,416.654,725.264,471.036,119,0,1106,217.154
176,413.653,725.766,471.653,118,0,1107,216.116
174,401.879,726.883,473.875,117,0,1108,214.806
177,407.401,727.695,475.064,116,0,1109,215.55
162,398.605,727.573,477.079,115,0,1064,215.158
186,417.113,712.541,469.212,119,0,1111,217.154
172,416.32,712.694,470.343,118,0,1112,216.116
156,413.462,714.245,470.8,117,0,1113,214.806
144,419.444,715.165,472.852,116,0,1114,215.55
308,414.179,725.069,464.562,115,0,1115,215.158
314,406.401,724.59,466.314,114,0,1116,215.315
327,417.792,725.166,466.532,113,0,1117,214.609
280,414.229,725.514,467.809,112,0,1118,213.823
289,410.585,726.213,468.344,111,0,1119,213.857
256,418.961,726.696,469.847,110,0,1120,214.098
254,417.685,727.382,470.653,109,0,1121,213.909
237,426.498,726.836,473.082,108,0,1122,214.748
226,415.81,726.901,475.507,107,0,1123,213.206
214,423.734,727.217,478.079,106,0,1124,214.556
202,429.837,727.563,478.934,105,0,1125,213.896
197,431.589,727.758,481.193,104,0,1126,213.442
207,416.628,729.792,481.922,103,0,1127,214.081
202,423.129,730.611,482.451,102,0,1128,213.236
160,408.394,730.983,483.029,101,0,698,213.176
154,448.364,707.479,454.163,119,0,611,217.154
118,427.839,703.899,440.641,119,0,1131,217.154
276,405.768,694.275,452.154,118,0,1132,216.116
279,414.509,696.971,451.344,117,0,1133,214.806
244,409.91,698.13,453.616,116,0,1134,215.55
240,405.625,698.394,453.421,115,0,1135,215.158
236,401.182,698.572,454.805,114,0,1136,215.315
244,398.906,699.346,455.802,113,0,1137,214.609
243,395.366,700.656,456.344,112,0,1138,213.823
233,398.893,701.664,456.833,111,0,1139,213.857
220,391.227,702.238,459.235,110,0,1140,214.098
207,397.256,703.241,459.62,109,0,1141,213.909
210,401.329,703.242,462.312,108,0,1142,214.748
194,396.108,703.492,464.047,107,0,1143,213.206
192,402.531,703.628,465.692,106,0,1144,214.556
170,394.382,703.718,467.299,105,0,1145,213.896
169,397.74,703.486,469.637,104,0,1146,213.442
160,397.519,703.798,471.881,103,0,1147,214.081
152,402.184,703.427,473.978,102,0,1148,213.236
135,416.459,704.847,474.46,101,0,1149,213.176
131,410.985,705.384,476.441,100,0,1150,212.48
125,410.256,704.943,478.886,99,0,1151,213.014
111,407.883,704.719,479.566,98,0,1152,213.226
111,407.36,705.033,480.766,97,0,1153,213.193
115,401.4,704.998,482.681,96,0,1154,212.599
222,394.644,699.753,493.583,95,0,1155,211.105
234,390.868,700.573,494.507,94,0,1156,212.644
218,397.294,701.19,493.653,93,0,1157,212.816
212,388.608,701.089,494.263,92,0,1158,212.166
209,387.01,701.196,494.922,91,0,1159,211.951
186,385.505,702.284,497.143,90,0,1160,212.316
180,389.722,702.748,497.342,89,0,1161,212.987
178,382.298,702.763,498.122,88,0,1162,210.851
169,384.615,703.563,498.392,87,0,1163,210.138
183,377.415,703.589,498.855,86,0,1164,210.739
174,374.109,703.427,499.322,85,0,1165,212.232
159,361.094,704.349,499.103,84,0,1166,210.458
159,374.912,703.847,499.683,83,0,1167,210.37
162,356.932,703.403,500.174,82,0,1168,210.328
149,356.201,703.005,500.655,81,0,1169,211.858
151,356.172,702.847,501.198,80,0,1170,211.074
144,354.014,703.662,500.988,79,0,1171,211.947
131,351.115,703.336,500.649,78,0,1172,210.271
130,348.508,702.166,500.911,77,0,1173,209.175
128,359.078,701.551,501.234,76,0,1174,211.921
134,353.515,701.568,500.515,75,0,1175,211.876
129,351.434,701.159,500.99,74,0,1176,210.921
123,343.894,701.542,500.588,73,0,1177,209.944
125,340.504,703.58,500.093,72,0,1178,212.099
119,341.496,707.739,499.73,71,0,1179,209.976
278,328.273,694.405,499.355,70,0,1180,209.856
280,329.996,694.271,499.267,69,0,1181,209.97
240,329.525,693.698,499.485,68,0,1182,210.181
239,318.251,693.796,499.2,67,0,1183,208.145
236,322.186,693.341,499.226,66,0,1184,209.898
237,327.338,693.086,499.091,65,0,1185,209.865
234,328.517,692.956,500.102,64,0,1186,210.86
219,329.406,693.102,499.4,63,0,1187,210.204
206,324.723,692.261,499.042,62,0,1188,209.492
215,331.926,692.905,499.222,61,0,1189,211.015
202,324.703,692.263,499.126,60,0,1190,209.628
201,322.811,693.548,499.197,59,0,1191,211.492
204,324.319,693.368,498.658,58,0,1192,211.53
196,326.281,693.565,498.571,57,0,1193,210.859
441,314.32,679.874,499.329,56,0,1194,211.498
423,312.586,679.845,499.948,55,0,1195,210.115
395,313.992,681.465,498.898,54,0,1196,210.674
380,308.8,682.45,498.3,53,0,1197,210.697
369,314.694,683.388,498.448,52,0,1198,210.616
341,318.774,683.309,498.302,51,0,1199,211.31
329,312.653,684.653,497.783,50,0,1200,210.577
319,312.295,685.161,497.697,49,0,1201,212.015
298,308.416,685.605,497.646,48,0,1202,210.621
286,313.469,686.205,497.601,47,0,1203,211.657
270,311.544,687.608,497.534,46,0,1204,212.543
260,321.115,688.464,497.229,45,0,1205,211.424
243,322.383,689.317,497.591,44,0,1206,211.544
235,314.204,689.306,497.929,43,0,1207,212.916
223,323.978,689.482,497.371,42,0,1208,212.166
221,315.136,690.098,497.511,41,0,1209,212.453
211,316.322,690.73,496.874,40,0,1210,213.067
211,314.237,691.374,496.57,39,0,1211,213.796
210,319.671,692.367,496.52,38,0,144,213.223
186,444.172,695.871,430.683,119,0,1213,217.154
180,452.744,697.407,432.377,118,0,1214,216.116
166,454.114,698.784,432.182,117,0,589,214.806
411,445.465,675.764,443.122,119,0,1216,217.154
396,450.525,675.949,446.629,118,0,1217,216.116
384,440.247,677.751,448.536,117,0,1218,214.806
364,442.06,679.135,451.302,116,0,1219,215.55
357,437.241,679.738,452.826,115,0,1220,215.158
335,451.209,680.28,454.71,114,0,1221,215.315
333,438.45,681.253,455.895,113,0,1222,214.609
326,434.356,682.276,456.917,112,0,1223,213.823
314,434.666,683.163,457.607,111,0,1224,213.857
315,427.032,684.005,457.668,110,0,1225,214.098
318,423.277,684.376,458.848,109,0,1226,213.909
328,416.604,685.185,459.851,108,0,1227,214.748
312,411.212,685.261,461.348,107,0,1228,213.206
296,418.723,686.343,462.175,106,0,1229,214.556
299,415.522,686.745,463.359,105,0,1230,213.896
292,406.346,687.223,464.077,104,0,1231,213.442
285,403.133,687.266,465.829,103,0,1232,214.081
276,416.007,687.615,466.926,102,0,1233,213.236
278,414.809,688.507,471.893,101,0,1234,213.176
257,417.412,690.198,476.41,100,0,1235,212.48
247,415.935,690.804,478.814,99,0,1236,213.014
237,410.823,691.097,479.35,98,0,1237,213.226
241,413.846,691.046,481.268,97,0,1238,213.193
220,398.095,691.196,481.803,96,0,1239,212.599
236,390.559,691.416,482.531,95,0,1240,211.105
225,393.729,691.993,482.399,94,0,1241,212.644
221,395.09,692.718,482.566,93,0,1242,212.816
204,389.142,693.21,482.572,92,0,1243,212.166
192,390.688,693.378,483.857,91,0,1244,211.951
196,379.76,693.819,486.511,90,0,1245,212.316
189,374.915,694.605,487.411,89,0,1246,212.987
164,380.616,694.864,488.033,88,0,1247,210.851
169,386.633,695.289,488.81,87,0,1248,210.138
328,379.704,704.302,483.26,86,0,1249,210.739
322,375.407,703.859,484.421,85,0,1250,212.232
315,371.702,704.268,484.76,84,0,1251,210.458
311,359.283,704.355,485.251,83,0,1252,210.37
284,365.12,703.825,485.814,82,0,1253,210.328
291,366.498,704.056,486.249,81,0,1254,211.858
285,367.579,703.839,486.62,80,0,1255,211.074
273,359.733,703.674,486.762,79,0,1256,211.947
276,364.257,703.219,487.179,78,0,1257,210.271
268,357.769,703.273,487.129,77,0,1258,209.175
253,363.225,703.224,487.138,76,0,1259,211.921
250,362.516,703.918,486.485,75,0,1260,211.876
253,348.791,703.277,486.751,74,0,1261,210.921
279,341.871,703.368,486.441,73,0,1262,209.944
249,351.803,704.318,486.458,72,0,1263,212.099
252,343.603,704.496,486.218,71,0,1264,209.976
239,343.23,704.007,486.306,70,0,1265,209.856
257,328.358,703.57,485.772,69,0,1266,209.97
257,332.471,703.939,486.217,68,0,1267,210.181
235,329.272,704.13,486.028,67,0,1268,208.145
225,332.996,703.626,485.986,66,0,1269,209.898
223,327.3,704.095,485.785,65,0,1270,209.865
222,342.248,705.005,486.168,64,0,1271,210.86
201,335.323,705.028,485.688,63,0,1272,210.204
192,332.062,705.134,485.614,62,0,1273,209.492
201,323.995,706.108,485.672,61,0,121,211.015
328,397.201,662.716,439.169,119,0,1275,217.154
300,390.83,663.588,441.911,118,0,1276,216.116
296,394.169,665.067,443.837,117,0,1277,214.806
277,388.834,665.914,449.328,116,0,1278,215.55
276,386.337,666.29,450.469,115,0,1279,215.158
279,381.545,666.847,452.658,114,0,1280,215.315
269,379.691,667.647,455.192,113,0,1281,214.609
276,367.674,668.384,456.962,112,0,1282,213.823
258,375.488,669.264,459.606,111,0,1283,213.857
264,358.314,669.991,459.605,110,0,1284,214.098
264,354.788,670.308,461.439,109,0,1285,213.909
262,353.023,670.133,462.12,108,0,1286,214.748
265,349.158,669.773,463.343,107,0,1287,213.206
255,354.953,670.516,463.603,106,0,1288,214.556
236,357.809,671.012,465.533,105,0,1289,213.896
260,349.65,671.54,466.02,104,0,1290,213.442
219,351.374,671.282,467.424,103,0,1291,214.081
218,352.95,671.331,468.669,102,0,1292,213.236
234,349.5,670.854,468.622,101,0,1293,213.176
239,345.272,671.623,470.13,100,0,1294,212.48
243,344.584,671.595,469.627,99,0,1295,213.014
252,333.016,672.082,470.388,98,0,1296,213.226
435,353.715,674.47,482.874,97,0,1297,213.193
417,350.297,674.484,483.049,96,0,1298,212.599
400,345.47,674.563,485.296,95,0,1299,211.105
392,341.658,675.269,486.338,94,0,1300,212.644
372,345.113,676.214,486.122,93,0,1301,212.816
341,353.504,676.716,487.765,92,0,1302,212.166
342,347.205,676.692,488.038,91,0,1303,211.951
338,341.417,677.107,488.521,90,0,1304,212.316
337,343.807,676.929,487.567,89,0,1305,212.987
327,336.214,676.784,487.118,88,0,1306,210.851
319,342.793,676.755,487.259,87,0,1307,210.138
321,334.109,677.267,486.534,86,0,1308,210.739
295,341.132,677.257,487.697,85,0,1309,212.232
293,333.478,677.092,487.486,84,0,1310,210.458
301,320.794,677.274,487.315,83,0,1311,210.37
261,322.713,677.602,488.064,82,0,1312,210.328
253,335.142,678.418,488.879,81,0,1313,211.858
233,332.15,678.94,489.54,80,0,1314,211.074
240,323.917,679.572,489.622,79,0,1315,211.947
231,325.874,679.708,491.147,78,0,1316,210.271
206,321.379,680.192,491.441,77,0,1317,209.175
207,323,680.558,491.679,76,0,1318,211.921
183,322.251,680.269,491.712,75,0,1319,211.876
183,318.639,679.631,492.948,74,0,1320,210.921
196,313.036,679.258,493.744,73,0,1321,209.944
189,319.333,679.781,494.421,72,0,1322,212.099
166,326.151,683.854,498.494,71,0,1179,209.976
144,414.868,686.219,457.936,119,0,1131,217.154
329,428.024,698.724,487.405,119,0,1325,217.154
317,422.842,698.99,488.129,118,0,1326,216.116
312,423.551,700.229,488.31,117,0,1327,214.806
288,425.691,700.739,489.797,116,0,1328,215.55
280,423.121,700.843,490.702,115,0,1329,215.158
281,421.616,701.317,490.528,114,0,1330,215.315
273,414.44,701.756,491.927,113,0,1331,214.609
252,411.925,702.829,491.959,112,0,1332,213.823
240,415.683,704.078,493.287,111,0,1333,213.857
247,417.603,705.269,493.315,110,0,1334,214.098
254,402.402,706.25,494.438,109,0,1335,213.909
233,408.455,706.541,495.223,108,0,1336,214.748
211,408.081,706.147,495.146,107,0,1337,213.206
218,400.376,706.793,496.467,106,0,1338,214.556
199,406.668,706.772,496.157,105,0,1339,213.896
203,405.448,706.566,496.068,104,0,1340,213.442
183,393.393,706.621,494.908,103,0,1341,214.081
182,401.802,707.24,495.817,102,0,1342,213.236
175,400.137,708.388,495.75,101,0,1343,213.176
169,388.533,709.266,497.172,100,0,1344,212.48
174,399.052,709.177,498.553,99,0,1345,213.014
166,392.795,709.04,498.842,98,0,1346,213.226
152,403.434,709.162,499.214,97,0,1347,213.193
151,403.192,709.582,499.71,96,0,634,212.599
149,400.409,685.851,483.007,119,0,1349,217.154
286,395.675,688.58,496.356,118,0,1350,216.116
268,392.746,689.563,496.395,117,0,1351,214.806
244,398.766,689.771,496.38,116,0,1352,215.55
243,398.794,690.188,497.755,115,0,1353,215.158
238,393.076,690.671,498.448,114,0,1354,215.315
209,392.411,690.773,497.573,113,0,1355,214.609
213,393.601,691.742,497.475,112,0,1356,213.823
212,387.401,692.409,498.45,111,0,1357,213.857
185,399.146,693.848,497.347,110,0,1358,214.098
178,393.899,694.515,497.924,109,0,1359,213.909
178,392.933,695.169,498.147,108,0,1360,214.748
167,397.234,694.982,499.83,107,0,1361,213.206
161,406.255,695.323,497.832,106,0,1362,214.556
145,403.607,694.941,499.035,105,0,1363,213.896
149,405.282,694.443,499.076,104,0,1364,213.442
142,403.831,694.371,499.658,103,0,1365,214.081
150,412.007,694.227,500.066,102,0,1366,213.236
149,400.658,695.333,499.742,101,0,1367,213.176
131,394.366,695.692,502.493,100,0,1368,212.48
134,396.537,694.165,502.893,99,0,1369,213.014
119,398.202,694.266,502.209,98,0,1370,213.226
117,399.744,694.475,501.903,97,0,1371,213.193
132,385.636,693.941,502.345,96,0,1154,212.599
142,378.563,691.261,508.818,119,0,1349,217.154
349,349.968,678.494,525.666,119,0,1374,217.154
346,354.945,678.571,525.733,118,0,1375,216.116
285,348.302,679.905,524.956,117,0,1376,214.806
307,351.397,680.773,526.365,116,0,1377,215.55
292,347.24,679.825,525.898,115,0,1378,215.158
287,352.892,679.667,525.95,114,0,1379,215.315
273,344.593,681.157,526.494,113,0,1380,214.609
255,350.506,680.696,526.664,112,0,1381,213.823
263,349.08,681.022,526.315,111,0,1382,213.857
266,342.417,681.227,525.993,110,0,1383,214.098
462,343.037,667.934,525.472,109,0,1384,213.909
440,335.357,669.153,525.011,108,0,1385,214.748
424,341.995,669.323,525.472,107,0,1386,213.206
418,343.194,670.239,524.322,106,0,1387,214.556
390,337.328,670.699,523.817,105,0,1388,213.896
394,335.741,672.084,523.322,104,0,1389,213.442
359,341.719,672.713,523.136,103,0,1390,214.081
344,338.703,674.421,522.859,102,0,1391,213.236
320,339.672,674.641,522.383,101,0,1392,213.176
320,338.928,675.821,522.882,100,0,1393,212.48
331,334.468,676.382,521.962,99,0,1394,213.014
342,340.401,675.651,521.24,98,0,1395,213.226
290,341.534,675.57,520.768,97,0,1396,213.193
288,339.736,676.962,520.621,96,0,1397,212.599
280,334.014,676.889,520.425,95,0,1398,211.105
261,329.996,677.396,520.056,94,0,1399,212.644
268,330.966,677.922,518.586,93,0,1400,212.816
268,331.071,678.592,518.063,92,0,1401,212.166
240,328.208,679.504,518.432,91,0,1402,211.951
240,332.45,679.77,518.764,90,0,1403,212.316
486,321.224,666.875,517.85,89,0,1404,212.987
489,320.299,667.549,517.301,88,0,1405,210.851
438,318.929,669.002,517.144,87,0,1406,210.138
432,325.069,669.94,516.231,86,0,1407,210.739
412,324.995,671.142,516.103,85,0,1408,212.232
426,321.063,670.54,515.907,84,0,1409,210.458
396,325.225,671.39,515.549,83,0,1410,210.37
378,331.484,672.145,515.7,82,0,1411,210.328
370,323.2,673.388,515.142,81,0,1412,211.858
348,322.483,673.747,515.54,80,0,1413,211.074
331,324.55,675.203,514.985,79,0,1414,211.947
305,326.275,675.999,514.697,78,0,1415,210.271
304,320.526,675.99,514.877,77,0,1416,209.175
279,317.652,677.465,514.825,76,0,1417,211.921
280,324.946,678.519,514.636,75,0,1418,211.876
285,328.081,677.808,514.329,74,0,1419,210.921
575,311.64,661.944,514.179,73,0,1420,209.944
586,324.616,665.001,514.059,72,0,1421,212.099
530,322.679,665.694,513.952,71,0,1422,209.976
547,326.406,666.857,513.981,70,0,1423,209.856
494,330.929,668.628,513.986,69,0,1424,209.97
487,326.355,669.604,513.641,68,0,1425,210.181
476,331.239,670.709,513.848,67,0,1426,208.145
457,332.223,671.325,513.628,66,0,1427,209.898
468,337.81,672.454,513.749,65,0,1428,209.865
418,341.337,672.384,514.397,64,0,1429,210.86
403,336.218,673.291,513.78,63,0,1430,210.204
407,338.364,674.415,513.281,62,0,1431,209.492
362,354.028,675.62,513.58,61,0,1432,211.015
360,349.644,676.194,513.168,60,0,1433,209.628
353,341.575,676.664,513.474,59,0,1434,211.492
352,354.344,677.508,513.141,58,0,1435,211.53
345,352.249,677.822,513.002,57,0,1436,210.859
342,356.526,678.381,513.083,56,0,1437,211.498
335,355.385,679.268,514.061,55,0,1438,210.115
318,361.597,679.44,512.939,54,0,1439,210.674
307,368.723,680.671,512.761,53,0,1440,210.697
280,369.436,680.582,512.701,52,0,1441,210.616
281,365.822,682.115,512.598,51,0,1442,211.31
288,374.115,681.979,512.679,50,0,1443,210.577
281,374.605,682.976,512.632,49,0,1444,212.015
271,372.86,683.283,512.419,48,0,1445,210.621
267,371.828,683.724,512.328,47,0,1446,211.657
267,367.981,683.851,512.278,46,0,1447,212.543
268,371.922,683.168,511.88,45,0,1448,211.424
261,362.556,684.135,511.882,44,0,1449,211.544
250,365.54,684.939,512.374,43,0,1450,212.916
255,362.161,684.862,511.825,42,0,1451,212.166
255,366.608,685.01,512.122,41,0,1452,212.453
248,359.355,685.078,511.859,40,0,1453,213.067
245,365.584,685.712,511.425,39,0,1454,213.796
244,358.68,686.069,511.259,38,0,1455,213.223
245,367.155,686.945,511.222,37,0,1456,213.235
224,359.674,687.535,511.456,36,0,1457,213.82
220,364.564,688.19,511.214,35,0,867,213.8
351,333.254,647.911,529.856,119,0,1459,217.154
365,335.485,648.664,529.469,118,0,1460,216.116
328,332.253,649.353,528.318,117,0,1461,214.806
346,332.853,646.894,528.66,116,0,1462,215.55
300,330.6,647.969,527.818,115,0,1463,215.158
279,332.746,647.154,527.794,114,0,1464,215.315
260,336.404,648.721,527.451,113,0,1465,214.609
235,338.4,649.285,527.311,112,0,1466,213.823
225,335.978,650.243,526.607,111,0,1467,213.857
213,325.033,650.972,526.249,110,0,1383,214.098
303,372.825,650.269,500.121,119,0,1469,217.154
284,377.342,650.879,500.616,118,0,1470,216.116
283,370.742,652.388,501.191,117,0,1471,214.806
270,363.2,652.576,501.839,116,0,1472,215.55
249,363.835,652.912,502.281,115,0,1473,215.158
250,347.656,653.341,503.061,114,0,1474,215.315
258,355.802,653.679,504.2,113,0,1475,214.609
254,341.764,653.223,505.584,112,0,1476,213.823
272,340.434,652.432,506.172,111,0,1477,213.857
231,345.481,653.211,507.521,110,0,1478,214.098
219,336.301,653.1,508.151,109,0,1479,213.909
214,347.907,653.558,509.589,108,0,1480,214.748
180,346.333,654.036,510.255,107,0,1481,213.206
182,345.401,654.216,510.267,106,0,1482,214.556
186,334.613,655.016,509.537,105,0,1483,213.896
176,344.892,655.088,509.523,104,0,1484,213.442
417,321.3,642.556,516.769,103,0,1485,214.081
377,321.401,642.737,516.948,102,0,1486,213.236
374,318.84,643.173,517.086,101,0,1487,213.176
377,317.005,643.345,518.149,100,0,1488,212.48
353,321.374,643.48,517.371,99,0,1489,213.014
341,323.736,643.049,516.877,98,0,1490,213.226
336,320.274,643.93,517.148,97,0,1491,213.193
314,316.29,644.859,517.802,96,0,1492,212.599
305,317.056,645.172,518.335,95,0,1493,211.105
286,320.315,646.305,518.479,94,0,1494,212.644
292,310.822,647.817,518.721,93,0,1495,212.816
268,313.101,648.664,518.609,92,0,1496,212.166
261,310.866,651.075,518.464,91,0,1497,211.951
231,304.481,653.029,519.062,90,0,1403,212.316
131,405.542,664.146,497.911,119,0,1499,217.154
136,407.36,664.166,497.692,118,0,1500,216.116
117,402.06,665.497,498.397,117,0,1501,214.806
117,389.556,666.341,501.047,116,0,1502,215.55
118,389.017,666.589,502.059,115,0,1503,215.158
272,382.621,663.231,491.911,114,0,1504,215.315
255,370.561,664.086,493.246,113,0,1505,214.609
262,367.447,665.616,495.418,112,0,1506,213.823
237,360.924,666.87,496.25,111,0,1507,213.857
237,363.717,668.404,497.046,110,0,1508,214.098
246,362.089,669.123,496.912,109,0,1509,213.909
215,354,669.63,496.467,108,0,1510,214.748
212,356.278,669.088,496.59,107,0,1511,213.206
206,357.432,669.837,496.134,106,0,1512,214.556
201,348.796,669.465,495.482,105,0,1513,213.896
193,345.482,669.14,495.138,104,0,1514,213.442
178,345.225,668.659,495.105,103,0,1515,214.081
198,350.076,668.424,495.782,102,0,1516,213.236
192,344.943,667.35,495.351,101,0,1517,213.176
188,334.676,666.548,496.127,100,0,1518,212.48
173,331.52,665.743,495.989,99,0,1519,213.014
190,333.463,664.846,496.601,98,0,1520,213.226
174,334.925,664.337,495.871,97,0,1521,213.193
167,335.79,663.767,497.283,96,0,1522,212.599
168,321.738,663.014,496.911,95,0,1523,211.105
159,319.843,663.133,498.259,94,0,1524,212.644
497,298.165,650.4,485.333,93,0,1525,212.816
453,292.706,650.807,486.2,92,0,1526,212.166
462,289.797,651.712,487.925,91,0,1527,211.951
438,292.498,652.063,490.02,90,0,1528,212.316
443,294.409,652.299,490.641,89,0,1529,212.987
409,292.103,652.517,492.11,88,0,1530,210.851
368,300.66,653.478,493.863,87,0,1531,210.138
370,296.251,653.04,494.051,86,0,1532,210.739
326,298.893,654.037,494.842,85,0,1533,212.232
342,298.506,653.417,495,84,0,1534,210.458
326,296.801,654.523,495.814,83,0,1535,210.37
324,297.802,655.512,496.502,82,0,1536,210.328
300,308.06,656.434,497.411,81,0,1537,211.858
279,303.262,657.014,498.237,80,0,1538,211.074
242,302.112,658.214,498.995,79,0,1539,211.947
231,304.749,657.993,499.348,78,0,1540,210.271
221,300.502,658.702,499.191,77,0,1541,209.175
210,305.129,659.422,499.147,76,0,1542,211.921
208,304.418,660.212,499.228,75,0,1543,211.876
185,299.465,660.1,499.286,74,0,1544,210.921
421,292.083,643.947,501.288,73,0,1545,209.944
428,293.736,643.277,501.711,72,0,1546,212.099
384,287.872,644.551,501.546,71,0,1547,209.976
389,288.015,646.106,501.4,70,0,1548,209.856
389,297.383,647.347,501.518,69,0,1549,209.97
375,289.851,649.268,500.982,68,0,1550,210.181
368,285.598,651.05,500.886,67,0,1551,208.145
347,287.133,651.236,501.067,66,0,1552,209.898
327,291.728,653.766,500.218,65,0,1553,209.865
317,295.492,654.237,501.009,64,0,1554,210.86
302,299.728,655.593,500.664,63,0,1555,210.204
275,296.971,656.678,500.286,62,0,1556,209.492
278,295.572,657.774,500.519,61,0,1557,211.015
260,297.604,659.274,500.32,60,0,1558,209.628
253,299.561,661.274,500.288,59,0,1559,211.492
245,303.249,663.007,499.666,58,0,1560,211.53
234,302.064,663.9,499.817,57,0,1193,210.859
289,415.913,675.897,494.328,119,0,1562,217.154
298,413.107,675.84,494.577,118,0,1563,216.116
284,415.539,676.74,494.655,117,0,1564,214.806
281,412.274,677.128,496.264,116,0,1565,215.55
275,407.142,677.506,496.559,115,0,1566,215.158
259,405.876,677.696,497.222,114,0,1567,215.315
262,402.191,678.527,498.184,113,0,1568,214.609
247,391.575,679.227,497.758,112,0,1569,213.823
241,389.066,680.155,498.022,111,0,1570,213.857
245,391.955,681.869,498.577,110,0,1571,214.098
239,394.669,682.89,498.216,109,0,1572,213.909
239,387.862,683.36,499.558,108,0,1573,214.748
237,385.489,682.757,499.544,107,0,1574,213.206
228,388.136,683.28,499.685,106,0,1575,214.556
209,388.45,682.912,499.424,105,0,1576,213.896
199,387.869,682.869,499.468,104,0,1577,213.442
205,381.449,682.324,499.083,103,0,1578,214.081
192,389.031,681.889,498.699,102,0,1579,213.236
197,378.239,681.347,499.456,101,0,1580,213.176
177,390.921,680.259,500.156,100,0,1581,212.48
175,378.954,678.962,499.551,99,0,1582,213.014
172,368.105,678.485,498.125,98,0,1296,213.226
156,410.109,657.738,474.116,119,0,1584,217.154
132,413.985,657.132,475.145,118,0,1585,216.116
137,403.92,658.722,475.745,117,0,1586,214.806
143,391.28,659.241,479.414,116,0,1587,215.55
140,378.407,659.798,481.11,115,0,1503,215.158
623,285.91,613.286,447.31,119,0,0,217.154
214,372.579,632.613,461.786,119,0,1590,217.154
214,378.388,633.674,463.097,118,0,1591,216.116
209,377.694,636.839,464.303,117,0,1592,214.806
198,361.414,638.64,466.372,116,0,1593,215.55
195,359.595,639.178,467.78,115,0,1594,215.158
194,360.964,639.804,468.743,114,0,1595,215.315
191,361.969,639.726,469.74,113,0,1596,214.609
170,345.876,640.327,472.18,112,0,1597,213.823
169,353.633,641.054,474.098,111,0,1598,213.857
189,344.434,639.904,477.483,110,0,1599,214.098
432,329.12,625.691,484.151,109,0,1600,213.909
432,315.044,626.041,486.539,108,0,1601,214.748
396,312.205,627.115,490.144,107,0,1602,213.206
357,314.378,629.491,491.305,106,0,1603,214.556
335,310.884,629.888,491.073,105,0,1604,213.896
330,311.394,629.839,491.55,104,0,1605,213.442
326,305.429,629.967,491.261,103,0,1606,214.081
319,305.981,630.592,491.086,102,0,1607,213.236
301,301.243,630.369,491.242,101,0,1608,213.176
296,301.186,631.029,491.72,100,0,1609,212.48
283,290.555,630.344,491.218,99,0,1610,213.014
260,306,630.795,491.058,98,0,1611,213.226
249,303.088,630.848,492.282,97,0,1612,213.193
234,294.47,630.82,493.283,96,0,1613,212.599
219,289.909,629.818,493.797,95,0,1614,211.105
233,292.644,629.199,495.297,94,0,1615,212.644
210,288.2,629.279,495.125,93,0,1616,212.816
208,292.322,629.141,495.669,92,0,1617,212.166
203,285.611,629.961,495.748,91,0,1618,211.951
428,273.825,615.253,501.842,90,0,1619,212.316
395,278.481,616.05,501.103,89,0,1620,212.987
403,272.154,616.928,501.381,88,0,1621,210.851
374,278.307,617.155,501.922,87,0,1622,210.138
352,277.062,616.564,502.174,86,0,1623,210.739
343,285.501,617.67,501.619,85,0,1624,212.232
321,278.143,617.787,501.953,84,0,1625,210.458
328,279.119,617.692,502.361,83,0,1626,210.37
330,278.276,618.484,502.603,82,0,1627,210.328
313,278.182,618.353,502.616,81,0,1628,211.858
319,277.931,619.276,503.087,80,0,1629,211.074
311,277.444,621.221,502.793,79,0,1630,211.947
282,282.589,622.448,502.698,78,0,1631,210.271
280,273.368,624.557,502.757,77,0,1632,209.175
274,277.336,626.745,502.73,76,0,1633,211.921
257,276.786,629.031,502.673,75,0,1634,211.876
256,277.707,630.057,503.228,74,0,1544,210.921
306,370.572,630.088,478.896,119,0,1636,217.154
288,373.517,630.867,479.692,118,0,1637,216.116
297,367.754,632.466,480.751,117,0,1638,214.806
269,370.963,633.201,481.998,116,0,1639,215.55
275,364.647,634.048,483.079,115,0,1640,215.158
259,355.193,635.114,483.485,114,0,1641,215.315
239,363.816,635.554,484.871,113,0,1642,214.609
252,345.75,637.682,485.858,112,0,1643,213.823
251,337.753,639.277,487.323,111,0,1644,213.857
232,341.091,642.885,489.629,110,0,1645,214.098
223,343.206,644.391,492.377,109,0,1646,213.909
199,339.94,647.242,495.164,108,0,1647,214.748
200,343.215,647.717,496.986,107,0,1648,213.206
186,346.177,649.459,497.071,106,0,1649,214.556
183,333.781,649.696,497.084,105,0,1650,213.896
361,327.615,637.945,502.642,104,0,1651,213.442
359,324.738,638.15,503.006,103,0,1652,214.081
359,328.526,638.901,502.853,102,0,1653,213.236
346,321.165,637.621,503.488,101,0,1654,213.176
354,314.718,638.484,503.61,100,0,1655,212.48
329,313.772,637.807,503.417,99,0,1656,213.014
312,313.548,637.793,503.005,98,0,1657,213.226
288,320.021,638.109,503.679,97,0,1658,213.193
291,314.241,638.483,504.637,96,0,1659,212.599
282,313.713,638.998,504.868,95,0,1660,211.105
279,309.742,637.42,506.661,94,0,1661,212.644
590,297.41,620.874,512.612,93,0,1662,212.816
590,298.327,620.223,513.064,92,0,1663,212.166
568,300.739,620.217,513.642,91,0,1664,211.951
551,296.499,620.971,514.765,90,0,1665,212.316
550,299.744,619.86,514.693,89,0,1666,212.987
512,296.727,620.536,514.876,88,0,1667,210.851
504,300.607,621.263,515.553,87,0,1668,210.138
494,292.567,622.661,515.064,86,0,1669,210.739
490,297.849,624.084,515.153,85,0,1670,212.232
475,297.945,625.37,514.903,84,0,1671,210.458
458,304.559,626.682,515.279,83,0,1672,210.37
442,300.419,629.424,515.028,82,0,1673,210.328
424,300.509,631.464,514.807,81,0,1674,211.858
393,301.313,634.335,515.03,80,0,1675,211.074
379,311.288,637.223,514.969,79,0,1676,211.947
365,303.847,638.153,514.796,78,0,1677,210.271
370,304.465,639.14,514.873,77,0,1678,209.175
368,308.921,642.677,514.64,76,0,1679,211.921
334,308.536,644.073,514.485,75,0,1680,211.876
315,311.946,645.181,514.633,74,0,1419,210.921
318,370.742,622.596,502.997,119,0,1682,217.154
310,361.568,622.949,503.476,118,0,1683,216.116
308,367.406,623.324,503.938,117,0,1684,214.806
292,357.716,622.851,504.588,116,0,1685,215.55
279,347.566,622.32,505.231,115,0,1686,215.158
296,346.574,622.519,506.261,114,0,1687,215.315
264,347.242,623.257,506.519,113,0,1688,214.609
260,342.588,622.922,507.878,112,0,1689,213.823
253,340.3,621.97,508.767,111,0,1690,213.857
242,336.847,622.921,509.033,110,0,1691,214.098
219,331.799,622.499,510.034,109,0,1692,213.909
234,326.278,623.635,510.265,108,0,1693,214.748
214,317.495,624.94,510.695,107,0,1694,213.206
192,322.865,624.901,509.761,106,0,1695,214.556
189,320.196,625.902,508.771,105,0,1650,213.896
304,349.816,628.441,516.876,119,0,1697,217.154
330,350.206,628.863,517.657,118,0,1698,216.116
338,338.524,629.032,518.435,117,0,1699,214.806
319,336.172,628.836,518.972,116,0,1700,215.55
322,333.776,629.753,518.274,115,0,1701,215.158
298,332.886,630.067,519.037,114,0,1702,215.315
280,336.571,630.712,519.147,113,0,1703,214.609
256,326.84,630.55,520.027,112,0,1704,213.823
272,327.438,629.865,521.006,111,0,1705,213.857
254,321,629.962,522.073,110,0,1706,214.098
243,321.321,630.162,522.466,109,0,1707,213.909
220,317.064,630.12,523.376,108,0,1708,214.748
232,320.728,629.16,524.758,107,0,1709,213.206
221,316.756,630.465,523.218,106,0,1710,214.556
224,312.58,630.532,522.419,105,0,1711,213.896
225,307.316,631.978,522.137,104,0,1484,213.442
362,328.605,592.697,529.642,119,0,1713,217.154
321,331.648,593.691,529.37,118,0,1714,216.116
341,324.12,594.212,528.128,117,0,1715,214.806
295,332.02,594.95,528.249,116,0,1716,215.55
295,332.003,596.803,527.216,115,0,1717,215.158
283,327.491,597.506,527.07,114,0,1718,215.315
283,324.06,598.32,526.604,113,0,1719,214.609
272,319.202,599.765,526.394,112,0,1720,213.823
548,305.728,583.828,525.943,111,0,1721,213.857
519,304.647,585.273,525.702,110,0,1722,214.098
506,307.196,585.984,525.412,109,0,1723,213.909
467,299.848,586.818,525.297,108,0,1724,214.748
449,307.069,588.898,525.67,107,0,1725,213.206
425,301.941,589.976,524.668,106,0,1726,214.556
410,302.61,592.451,523.975,105,0,1727,213.896
407,296.029,593.393,523.639,104,0,1728,213.442
391,297.936,594.979,523.309,103,0,1729,214.081
383,295.783,597.484,522.895,102,0,1730,213.236
386,292.736,598.013,522.558,101,0,1731,213.176
378,295.27,599.622,522.889,100,0,1732,212.48
351,289.467,600.815,521.839,99,0,1733,213.014
344,295.805,601.843,520.804,98,0,1734,213.226
323,294.805,602.618,520.52,97,0,1735,213.193
319,290.238,603.755,519.474,96,0,1736,212.599
320,293.306,605.043,519.196,95,0,1737,211.105
300,291.013,605.136,519.292,94,0,1661,212.644
379,298.921,551.075,528.428,119,0,1739,217.154
386,302.106,552.387,528.366,118,0,1740,216.116
369,295.298,554.601,526.852,117,0,1741,214.806
352,297.486,556.12,526.829,116,0,1742,215.55
341,291.123,559.774,526.321,115,0,1743,215.158
305,300.649,561.788,526.138,114,0,1744,215.315
286,298.832,564.665,526.394,113,0,1745,214.609
298,297.943,567.369,526.162,112,0,1720,213.823
284,316.454,567.098,513.14,119,0,1747,217.154
270,324.359,569.632,513.896,118,0,1748,216.116
281,316.157,569.893,512.774,117,0,1749,214.806
271,319.838,570.303,513.368,116,0,1750,215.55
255,313.227,571.01,512.709,115,0,1751,215.158
239,297.31,571.152,512.774,114,0,1752,215.315
255,297.98,571.505,512.359,113,0,1753,214.609
207,297.58,572.032,512.886,112,0,1754,213.823
420,310.021,587.484,509.757,111,0,1755,213.857
403,303.452,587.54,509.806,110,0,1756,214.098
392,305.936,587.438,509.984,109,0,1757,213.909
398,305.857,587.304,510.459,108,0,1758,214.748
394,299.731,588.108,511.32,107,0,1759,213.206
336,296.024,587.965,510.737,106,0,1760,214.556
358,290.397,588.887,510.042,105,0,1761,213.896
344,284.628,588.845,509.897,104,0,1762,213.442
331,285.746,591.004,509.505,103,0,1763,214.081
348,284.239,591.882,509.003,102,0,1764,213.236
338,283.37,591.891,508.843,101,0,1765,213.176
322,279.929,593.704,508.936,100,0,1766,212.48
313,278.77,594.151,508.239,99,0,1767,213.014
314,271.713,594.206,507.812,98,0,1768,213.226
306,270.866,594.248,507.681,97,0,1769,213.193
300,272.987,595.774,507.012,96,0,1770,212.599
274,273.146,596.68,506.881,95,0,1771,211.105
257,280.304,596.768,507.046,94,0,1772,212.644
259,269.429,597.689,505.763,93,0,1773,212.816
228,272.873,599.234,505.246,92,0,1774,212.166
232,280.56,600.797,505.251,91,0,1618,211.951
225,349.28,599.978,507.815,119,0,1776,217.154
203,352.207,601.101,507.433,118,0,1777,216.116
195,339.308,602.099,506.231,117,0,1778,214.806
210,337.024,600.936,507.085,116,0,1779,215.55
201,346.632,601.036,506.565,115,0,1780,215.158
203,326.906,600.253,506.873,114,0,1781,215.315
205,323.01,600.769,506.003,113,0,1782,214.609
217,316.659,599.463,506.777,112,0,1754,213.823
265,345.106,600.861,486.642,119,0,1784,217.154
246,345.472,603.374,485.532,118,0,1785,216.116
254,344.504,605.617,484.111,117,0,1786,214.806
254,331.547,606.023,484.331,116,0,1787,215.55
241,327.705,607.543,483.966,115,0,1788,215.158
251,324.402,608.491,484.604,114,0,1789,215.315
236,324.703,609.358,484.81,113,0,1790,214.609
262,316.088,610.412,484.444,112,0,1791,213.823
258,309.314,612.012,484.535,111,0,1792,213.857
255,311.831,612.88,485.596,110,0,1599,214.098
312,346.907,611.055,460.971,119,0,1794,217.154
271,334.583,611.675,461.647,118,0,1795,216.116
272,344.195,613.898,460.981,117,0,1796,214.806
284,332.803,615.908,461.448,116,0,1797,215.55
265,328.902,617.177,461.679,115,0,1798,215.158
270,328.248,620.082,461.126,114,0,1799,215.315
469,332.345,633.314,458.367,113,0,1800,214.609
470,337.943,636.169,460.202,112,0,1801,213.823
416,326.26,637.352,461.615,111,0,1802,213.857
435,325.738,638.801,464.431,110,0,1803,214.098
413,324.01,639.877,466.961,109,0,1804,213.909
396,322.018,640.83,470.498,108,0,1805,214.748
408,319.034,640.598,472.648,107,0,1806,213.206
388,316.598,641.761,472.814,106,0,1807,214.556
375,311.933,642.948,472.851,105,0,1808,213.896
383,308.778,642.258,472.958,104,0,1809,213.442
381,310.226,643.447,472.983,103,0,1810,214.081
371,307.062,643.604,473.484,102,0,1811,213.236
344,305.61,643.554,473.364,101,0,1812,213.176
338,302.038,644.156,474.375,100,0,1813,212.48
340,302.729,643.777,474.382,99,0,1814,213.014
322,302.438,643.623,474.061,98,0,1815,213.226
312,304.497,643.333,474.291,97,0,1816,213.193
309,298.094,643.446,475.503,96,0,1817,212.599
300,289.427,642.255,476.068,95,0,1818,211.105
314,291.78,642.285,477.329,94,0,1524,212.644
195,375.2,788.207,467.124,119,0,1820,217.154
171,382.772,787.493,469.386,118,0,1821,216.116
165,385.352,787.24,470.397,117,0,547,214.806
254,404.339,741.19,496.103,118,0,1823,216.116
242,414.901,742.241,497.446,117,0,1824,214.806
230,408.304,742.557,499.377,116,0,1825,215.55
209,401.794,743.059,499.895,115,0,1826,215.158
217,400.774,742.645,500.524,114,0,1827,215.315
189,402.704,742.756,500.806,113,0,1828,214.609
217,388.677,743.072,501.653,112,0,1829,213.823
205,389.512,743.074,502.387,111,0,1830,213.857
198,389.015,742.834,502.971,110,0,1831,214.098
201,382.637,744.022,504.19,109,0,1832,213.909
184,395.793,743.839,505.041,108,0,1833,214.748
174,393.138,742.968,507.025,107,0,1834,213.206
162,393.549,743.008,507.921,106,0,1835,214.556
163,390.798,742.594,507.487,105,0,1836,213.896
162,386.648,743.704,508.598,104,0,948,213.442
205,413.985,752.813,491.73,110,0,1838,214.098
205,408.902,754.39,493.318,109,0,1839,213.909
201,402.343,754.135,494.799,108,0,1840,214.748
198,396.646,755.073,497.252,107,0,1841,213.206
197,399.112,754.97,497.89,106,0,1842,214.556
202,403.416,755.867,498.08,105,0,1843,213.896
178,395.938,757.785,499.03,104,0,1844,213.442
199,389.266,759.634,500.016,103,0,1845,214.081
168,391.28,761.743,500.673,102,0,1846,213.236
179,373,761.612,500.683,101,0,762,213.176
285,348.337,804.498,512.132,110,0,1848,214.098
261,350.038,803.79,512.429,109,0,1849,213.909
256,351.016,803.307,512.89,108,0,1850,214.748
235,355.447,801.882,513.855,107,0,1851,213.206
230,348.578,802.63,513.234,106,0,1852,214.556
227,345.74,802.695,512.792,105,0,1853,213.896
226,345.478,803.356,512.425,104,0,1854,213.442
214,346.626,804.44,513.192,103,0,1855,214.081
217,346.931,805.496,513.889,102,0,492,213.236
323,368.489,793.848,479.618,112,0,1857,213.823
306,370.376,793.502,480.366,111,0,1858,213.857
286,365.584,791.808,480.687,110,0,1859,214.098
289,364.19,790.779,481.075,109,0,1860,213.909
269,362.978,790.556,482.073,108,0,1861,214.748
258,370.783,788.362,482.326,107,0,1862,213.206
261,368.72,787.217,482.776,106,0,1863,214.556
225,363.178,787.153,482.26,105,0,1864,213.896
234,366.769,787.555,482.335,104,0,1865,213.442
219,368.046,786.738,482.573,103,0,1866,214.081
217,365.594,786.303,483.006,102,0,1867,213.236
201,368.92,785.692,483.487,101,0,1868,213.176
183,369.126,784.67,484.96,100,0,1869,212.48
186,370.43,782.838,485.659,99,0,1870,213.014
183,370.011,781.996,485.767,98,0,1871,213.226
180,363.056,781.869,486.871,97,0,1872,213.193
173,367.96,781.027,487.699,96,0,417,212.599
167,376.707,751.427,492.562,95,0,1874,211.105
153,384.588,751.435,493.155,94,0,1085,212.644
191,407.372,711.22,465.319,95,0,1876,211.105
173,419.861,712.15,466.335,94,0,1877,212.644
182,403.571,711.462,466.903,93,0,1878,212.816
160,401.562,712.708,467.364,92,0,1879,212.166
161,404.975,712.173,469.049,91,0,1880,211.951
169,392.509,713.089,471.949,90,0,1881,212.316
153,396.778,712.823,472.783,89,0,1882,212.987
158,388.038,713.047,474.596,88,0,1883,210.851
142,397.761,714.63,476.451,87,0,1248,210.138
254,369.024,641.156,442.409,119,0,1885,217.154
255,365.376,642.894,444.134,118,0,1886,216.116
236,362.076,643.942,446.509,117,0,1887,214.806
212,349.958,645.904,450.1,116,0,1888,215.55
227,359.775,645.786,452.001,115,0,1889,215.158
189,357.778,647.597,452.957,114,0,1799,215.315