352,930.227,922.695,583.608,120,1,58,127.091
193,1010.819,901.107,581.288,120,1,177,127.091
289,976.426,889.303,578.506,120,1,277,127.091
408,911.953,865.037,596.911,120,1,330,127.091
432,978.514,835.69,639.203,120,1,449,127.091
269,1241.721,848.652,642.492,120,1,459,127.091
203,1212.557,874.979,608.846,120,1,469,127.091
179,1215.994,891.786,613.142,120,1,475,127.091
291,1235.636,906.987,603.148,120,1,476,127.091
265,1188.494,918.684,617.222,120,1,553,127.091
365,1100.795,945.99,651.588,120,1,558,127.091
350,1411.191,931.803,652.511,120,1,613,127.091
315,1295.095,951.792,693.785,120,1,630,127.091
417,1252.249,961.362,714.126,120,1,648,127.091
555,1102.036,979.177,742.04,120,1,681,127.091
243,1243.181,967.094,751.637,120,1,696,127.091
321,1071.405,980.359,786.253,120,1,770,127.091
263,1267.84,963.263,784.529,120,1,774,127.091
383,970.29,983.881,822.099,120,1,805,127.091
397,985.247,974.552,832.49,120,1,813,127.091
393,1230.959,946.487,816.457,120,1,855,127.091
352,1315.401,935.467,808.3,120,1,870,127.091
143,1302.189,940.176,789.72,120,1,872,127.091
167,1217.347,916.562,806.464,120,1,913,127.091
461,1022.681,887.1,814.66,120,1,914,127.091
205,1164.073,886.391,799.713,120,1,915,127.091
253,1035.625,854.677,787.583,120,1,915,127.091
244,1297.537,873.812,780.632,120,1,952,127.091
237,1365.688,909.733,790.603,120,1,973,127.091
305,1511.305,915.023,777.889,120,1,976,127.091
408,1695.478,925.402,763.205,120,1,1057,127.091
289,1306.561,931.749,751.038,120,1,1066,127.091
421,1337.413,933.047,733.899,120,1,1120,127.091
353,1443.269,933.732,708.128,120,1,1159,127.091
256,1805.336,931.533,680.566,120,1,1193,127.091
281,1735.249,914.64,650.41,120,1,1239,127.091
270,1417.285,890.677,641.787,120,1,1251,127.091
97,1264.464,873.714,648.125,120,1,1266,127.091
348,1450.966,866.701,636.834,120,1,1300,127.091
431,1472.729,855.631,688.307,120,1,1333,127.091
332,1254.37,841.213,686.452,120,1,1347,127.091
177,1202.045,832.045,696.17,120,1,1356,127.091
354,1114.071,822.512,707.162,120,1,1409,127.091
316,1061.136,818.249,730.608,120,1,1437,127.091
279,1190.376,839.528,761.055,120,1,1455,127.091
291,1259.526,846.991,749.618,120,1,1459,127.091
176,1310.96,843.674,726.344,120,1,1465,127.091
384,1528.88,865.06,737.899,120,1,1468,127.091
320,1562.816,885.384,766.239,120,1,1480,127.091
372,1735.645,892.794,734.869,120,1,1491,127.091
186,1341.683,874.733,725.103,120,1,1499,127.091
363,1311.986,891.807,712.235,120,1,1518,127.091
171,1243.427,866.455,674.219,120,1,1266,127.091
392,1334.184,891.125,690.487,120,1,1540,127.091
220,1378.055,892.896,672.675,120,1,1559,127.091
260,1497.104,906.353,666.053,120,1,1579,127.091
193,1426.679,914.695,699.72,120,1,1594,127.091
335,941.048,922.423,585.169,119,0,59,127.393
324,932.361,922.914,588.221,118,0,60,129.475
313,924.157,921.71,589.735,117,0,61,128.185
302,945.656,919.811,592.562,116,0,62,126.864
276,954.938,917.625,593.134,115,0,63,127.264
487,1070.23,916.596,608.968,114,0,64,127.502
468,1073.098,915.999,609.008,113,0,65,127.343
447,1074.396,914.908,608.696,112,0,66,127.154
433,1070.848,914.273,609.617,111,0,67,126.433
419,1054.413,913.526,610.01,110,0,68,126.334
403,1056.747,912.798,609.916,109,0,69,125.37
381,1051.604,912.789,611.635,108,0,70,124.968
379,1044.314,911.541,610.141,107,0,71,125.202
367,1055.128,911.264,610.896,106,0,72,125.602
350,1067.417,910.946,611.913,105,0,73,124.663
341,1048.475,910.839,612.799,104,0,74,126.728
316,1029.076,910.093,612.402,103,0,75,124.326
604,1098.422,916.435,628.23,102,0,76,125.377
601,1082.692,916.29,628.528,101,0,77,125.275
590,1073.934,916.169,628.488,100,0,78,123.03
582,1060.708,915.632,627.754,99,0,79,123.901
549,1048.213,915.911,628.608,98,0,80,123.754
527,1053.042,915.234,627.908,97,0,81,125.294
529,1030.603,914.535,626.87,96,0,82,125.505
515,1018.225,914.678,627.71,95,0,83,125.078
523,1001.124,913.92,626.238,94,0,84,123.125
502,981.4,913.871,626.081,93,0,85,124.016
521,959.866,914.377,627.28,92,0,86,123.598
504,947.534,914.203,627.177,91,0,87,124.412
481,953.597,913.346,625.809,90,0,88,124.653
455,952.993,914.007,627.214,89,0,89,123.475
445,938.121,913.521,626.246,88,0,90,122.753
416,961.736,913.539,626.948,87,0,91,122.067
408,945.439,913.212,626.901,86,0,92,120.988
391,949.223,913.771,628.329,85,0,93,121.408
385,953.47,913.459,627.968,84,0,94,121.637
376,925.17,913.396,628.047,83,0,95,121.584
349,938.467,913.157,628.751,82,0,96,122.28
346,907.52,912.766,627.689,81,0,97,121.402
346,929.436,912.781,628.333,80,0,98,121.443
348,866.023,912.699,628.627,79,0,99,121.24
336,864.503,912.527,629.267,78,0,100,121.072
320,883.647,912.32,628.688,77,0,101,122.395
308,876.769,912.113,629.127,76,0,102,121.734
299,863.806,911.867,629.744,75,0,103,121.148
292,880.096,911.941,630.812,74,0,104,122.141
530,922.613,911.947,643.198,73,0,105,120.763
503,945.091,911.901,643.402,72,0,106,118.903
505,930.998,911.764,643.598,71,0,107,121.552
496,893.631,911.411,643.656,70,0,108,120.628
479,905.165,911.655,644.805,69,0,109,121.967
470,906.13,911.507,643.978,68,0,110,120.212
452,904.137,911.431,644.287,67,0,111,122.024
445,878.108,911.342,644.199,66,0,112,120.111
460,891.146,911.187,644.279,65,0,113,119.828
459,855.135,911.048,644.29,64,0,114,120.062
431,880.715,910.95,644.857,63,0,115,121.185
440,864.073,910.604,644.447,62,0,116,118.703
420,861.867,910.53,644.89,61,0,117,120.048
415,851.802,910.248,644.562,60,0,118,119.42
416,838.531,910.313,644.709,59,0,119,119.85
420,828.767,910.22,644.416,58,0,120,118.935
408,816.824,909.847,645.25,57,0,121,119.459
401,814.873,909.886,645.246,56,0,122,118.612
398,802.354,909.623,644.909,55,0,123,118.332
420,760.119,909.711,645.024,54,0,124,120.892
402,772.323,909.41,645.208,53,0,125,117.318
415,755.2,909.237,645.281,52,0,126,119.146
390,755.659,909.259,645.183,51,0,127,119.762
381,736.664,909.122,645.714,50,0,128,118.736
377,757.265,908.867,645.854,49,0,129,118.167
358,754.584,908.664,646.121,48,0,130,117.809
349,747.559,908.6,647.575,47,0,131,118.065
341,761.877,908.273,647.732,46,0,132,118.751
326,758.985,907.929,647.072,45,0,133,117.96
310,753.894,907.745,648.102,44,0,134,117.483
316,769.943,907.785,649.87,43,0,135,118.266
573,811.169,906.287,663.133,42,0,136,118.435
563,805.528,905.931,662.09,41,0,137,120.122
541,807.619,905.975,662.024,40,0,138,119.015
536,790.224,906.006,662.847,39,0,139,119.038
548,752.022,905.92,661.974,38,0,140,116.952
523,736.837,905.933,661.659,37,0,141,119.019
526,725.202,905.73,661.814,36,0,142,117.84
507,730.507,905.703,661.713,35,0,143,117.291
495,708.04,906.063,662.387,34,0,144,117.182
474,738.051,905.808,661.775,33,0,145,118.308
445,698.942,905.787,661.685,32,0,146,117.602
430,700.772,905.706,662.253,31,0,147,118.327
408,708.086,905.599,662.461,30,0,148,119.091
408,695.544,905.643,663.813,29,0,149,118.682
386,699.79,905.134,663.789,28,0,150,117.747
376,697.782,905.03,664.639,27,0,151,117.024
369,692.518,904.924,665.862,26,0,152,118.411
353,703.992,904.748,665.503,25,0,153,117.161
338,709.527,904.515,666.301,24,0,154,116.493
321,700.383,904.532,666.136,23,0,155,116.18
319,704.815,904.171,667.412,22,0,156,117.547
306,697.105,904.167,668.227,21,0,157,116.956
292,679.205,903.6,668.652,20,0,158,118.415
521,754.345,900.666,681.187,19,0,159,117.352
515,752.649,900.444,681.462,18,0,160,117.704
521,748.079,900.353,682.053,17,0,161,117.274
506,752.992,900.458,682.761,16,0,162,117.338
483,715.578,900.527,683.082,15,0,163,116.888
467,735.195,900.03,681.64,14,0,164,117.768
476,704.559,900.048,681.886,13,0,165,117.26
453,741.245,899.859,682.737,12,0,166,117.374
444,765.056,899.585,682.731,11,0,167,116.536
417,780.492,899.512,682.668,10,0,168,116.393
417,771.201,899.509,682.582,9,0,169,117.523
408,768.843,899.368,683.798,8,0,170,116.345
409,787.032,899.334,683.143,7,0,171,118.572
412,767.24,899.337,683.01,6,0,172,117.944
395,776.286,899.215,682.426,5,0,173,118.204
397,730.516,899.156,682.643,4,0,174,117.716
409,743.518,899.416,682.577,3,0,175,118.145
400,707.97,899.263,682.661,2,0,176,117.028
396,777.447,899.109,682.202,1,0,0,118.514
191,1047.351,900.056,587.704,119,0,178,127.393
341,1178.082,894.495,609.765,118,0,179,129.475
326,1179.666,892.691,613.332,117,0,180,128.185
293,1184.389,891.226,617.653,116,0,181,126.864
290,1197.759,889.49,621.146,115,0,182,127.264
267,1221.693,888.934,626.118,114,0,183,127.502
288,1232.844,888.277,628.959,113,0,184,127.343
258,1240.922,887.408,633.66,112,0,185,127.154
248,1257.859,886.997,636.274,111,0,186,126.433
239,1252.439,886.217,636.408,110,0,187,126.334
235,1243.494,885.89,637.483,109,0,188,125.37
235,1223.034,885.32,640.834,108,0,189,124.968
220,1229.541,884.025,641.531,107,0,190,125.202
221,1233.063,884.008,642.89,106,0,191,125.602
217,1220.346,883.781,644.643,105,0,192,124.663
202,1225.827,884.443,645.635,104,0,193,126.728
204,1203.382,884.956,645.358,103,0,194,124.326
195,1214.292,885.353,647.407,102,0,195,125.377
184,1199.163,885.105,649.177,101,0,196,125.275
174,1194.414,885.429,651.54,100,0,197,123.03
390,1201.7,891.328,669.063,99,0,198,123.901
365,1185.074,891.357,669.844,98,0,199,123.754
352,1172.455,890.779,668.913,97,0,200,125.294
348,1153.296,890.616,669.362,96,0,201,125.505
328,1152.933,890.845,671.527,95,0,202,125.078
321,1147.523,890.999,672.278,94,0,203,123.125
308,1149,891.623,674.257,93,0,204,124.016
288,1152.212,892.442,677.082,92,0,205,123.598
286,1131.783,892.568,678.817,91,0,206,124.412
276,1123.46,892.229,678.997,90,0,207,124.653
274,1100.624,893.481,682.515,89,0,208,123.475
261,1093.762,893.66,683.029,88,0,209,122.753
218,1095.83,894.899,682.52,87,0,210,122.067
211,1110.37,895.709,684.075,86,0,211,120.988
204,1125.564,896.849,686.44,85,0,212,121.408
199,1119.035,897.886,688.268,84,0,213,121.637
200,1140.78,899.371,690.857,83,0,214,121.584
194,1136.696,900.296,692.677,82,0,215,122.28
179,1125.832,901.025,693.458,81,0,216,121.402
372,1133.538,909.74,706.283,80,0,217,121.443
350,1108.703,909.899,706.947,79,0,218,121.24
336,1101.027,910.221,707.537,78,0,219,121.072
321,1102.312,910.966,708.152,77,0,220,122.395
314,1092.812,911.327,708.583,76,0,221,121.734
294,1095.514,911.159,708.562,75,0,222,121.148
283,1082.025,911.281,708.746,74,0,223,122.141
276,1081.286,910.499,707.738,73,0,224,120.763
258,1089.996,909.959,706.884,72,0,225,118.903
240,1093.075,909.326,706.028,71,0,226,121.552
234,1079.825,908.943,705.6,70,0,227,120.628
215,1067.949,908.327,705.851,69,0,228,121.967
217,1085.051,907.691,704.22,68,0,229,120.212
203,1080.251,906.671,702.968,67,0,230,122.024
388,1040.093,898.716,689.815,66,0,231,120.111
374,1070.369,898.174,689.233,65,0,232,119.828
359,1045.148,897.659,688.735,64,0,233,120.062
357,1058.106,896.7,687.916,63,0,234,121.185
340,1070.341,896.059,686.354,62,0,235,118.703
319,1072.52,895.919,686.255,61,0,236,120.048
323,1052.443,896.01,686.445,60,0,237,119.42
314,1054.672,896.045,686.171,59,0,238,119.85
305,1034.941,896.142,685.93,58,0,239,118.935
296,1021.179,895.757,685.722,57,0,240,119.459
280,1028.639,895.714,685.993,56,0,241,118.612
274,1048.117,895.622,686.223,55,0,242,118.332
265,1038.26,895.34,685.931,54,0,243,120.892
245,1062.694,895.29,686.604,53,0,244,117.318
242,1076.802,895.252,686.56,52,0,245,119.146
224,1064.223,894.957,686.702,51,0,246,119.762
227,1039.683,894.779,687.178,50,0,247,118.736
221,1049.154,894.729,687.507,49,0,248,118.167
216,1023.255,894.348,687.552,48,0,249,117.809
223,981.61,894.273,688.533,47,0,250,118.065
214,994.977,894,689.075,46,0,251,118.751
497,938.262,899.416,704.911,45,0,252,117.96
474,929.207,899.328,705.566,44,0,253,117.483
459,928.017,899.209,705.579,43,0,254,118.266
448,942.232,899.108,705.299,42,0,255,118.435
437,926.066,898.881,704.09,41,0,256,120.122
422,955.796,898.838,704.006,40,0,257,119.015
398,949.756,898.932,704.474,39,0,258,119.038
392,928.811,898.812,703.631,38,0,259,116.952
392,901.804,898.826,703.757,37,0,260,119.019
376,889.41,898.762,703.534,36,0,261,117.84
378,894.767,898.613,702.879,35,0,262,117.291
374,873.537,898.829,703.216,34,0,263,117.182
348,897.138,898.479,702.639,33,0,264,118.308
354,854.898,898.348,701.167,32,0,265,117.602
334,858.302,898.184,700.766,31,0,266,118.327
325,871.895,898.039,699.722,30,0,267,119.091
320,849.688,898.129,700.134,29,0,268,118.682
303,860.749,897.929,698.838,28,0,269,117.747
282,854.369,897.94,697.835,27,0,270,117.024
272,849.371,898.146,698.188,26,0,271,118.411
277,857.267,897.92,697.391,25,0,272,117.161
271,835.402,897.731,697.181,24,0,273,116.493
276,812.004,898.132,696.137,23,0,274,116.18
255,821.459,898.049,696.353,22,0,275,117.547
244,828.668,898.108,695.845,21,0,276,116.956
224,806.147,897.865,694.938,20,0,158,118.415
270,976.83,889.806,580.328,119,0,278,127.393
277,978.357,891.016,583.521,118,0,279,129.475
283,952.028,890.945,584.269,117,0,280,128.185
278,923.723,891.649,585.239,116,0,281,126.864
280,900.425,891.811,586.109,115,0,282,127.264
269,917.186,892.519,589.514,114,0,283,127.502
436,995.578,886.27,600.105,113,0,284,127.343
430,996.665,887.287,600.592,112,0,285,127.154
413,1008.051,887.644,601.318,111,0,286,126.433
409,986.567,887.364,600.44,110,0,287,126.334
390,989.179,887.14,601.206,109,0,288,125.37
375,996.493,887.17,603.653,108,0,289,124.968
352,977.222,886.544,603.509,107,0,290,125.202
332,1008.913,886.649,606.442,106,0,291,125.602
347,988.689,886.588,608.338,105,0,292,124.663
343,976.761,886.967,610.166,104,0,293,126.728
347,955.179,886.922,611.038,103,0,294,124.326
333,957.937,886.557,612.016,102,0,295,125.377
321,932.773,886.746,613.432,101,0,296,125.275
303,942.904,886.787,615.94,100,0,297,123.03
285,962.839,886.718,618.471,99,0,298,123.901
277,976.664,887.156,621.691,98,0,299,123.754
251,994.335,886.929,623.977,97,0,300,125.294
250,1002.276,887.516,625.855,96,0,301,125.505
251,981.653,887.404,627.77,95,0,302,125.078
259,962.587,886.005,628.614,94,0,303,123.125
251,937.147,885.961,630.904,93,0,304,124.016
246,954.837,886.543,632.852,92,0,305,123.598
236,919.36,886.505,634.213,91,0,306,124.412
234,919.778,885.731,634.662,90,0,307,124.653
226,931.385,886.919,638.406,89,0,308,123.475
214,925.579,887.31,639.201,88,0,309,122.753
204,928.48,887.527,642.295,87,0,310,122.067
378,1003.937,883.785,656.367,86,0,311,120.988
366,1004.366,885.294,659.027,85,0,312,121.408
362,1005.086,885.391,658.364,84,0,313,121.637
353,964.456,885.766,659.026,83,0,314,121.584
322,984.255,885.863,660.872,82,0,315,122.28
312,975.679,885.819,661.496,81,0,316,121.402
302,1004.086,885.864,663.469,80,0,317,121.443
293,1004.846,886.139,665.936,79,0,318,121.24
267,1001.846,886.498,666.495,78,0,319,121.072
260,1017.319,887.088,668.117,77,0,320,122.395
256,1008.508,887.41,669.254,76,0,321,121.734
253,1008.715,887.981,670.486,75,0,322,121.148
247,1007.866,888.176,671.37,74,0,323,122.141
222,989.338,888.418,671.791,73,0,324,120.763
220,1010.155,888.929,673.082,72,0,325,118.903
213,1013.432,889.368,674.414,71,0,326,121.552
209,988.742,889.5,674.259,70,0,327,120.628
214,992.187,890.442,676.903,69,0,328,121.967
202,996.683,890.658,676.24,68,0,329,120.212
183,1014.721,891.399,677.284,67,0,230,122.024
380,923.439,865.63,598.243,119,0,331,127.393
364,916.459,866.882,599.392,118,0,332,129.475
356,912.638,865.929,600.85,117,0,333,128.185
343,911.184,865.845,602.405,116,0,334,126.864
330,907.864,865.371,602.772,115,0,335,127.264
315,917.267,865.337,605.524,114,0,336,127.502
321,911.016,865.554,606.12,113,0,337,127.343
305,917.364,867.394,607.511,112,0,338,127.154
290,930.476,868.333,609.131,111,0,339,126.433
276,929.145,867.63,609.369,110,0,340,126.334
582,948.902,858.187,625.61,109,0,341,125.37
567,930.079,859.149,626.857,108,0,342,124.968
536,952.748,858.989,625.95,107,0,343,125.202
527,964.518,859.437,627.466,106,0,344,125.602
500,970.782,860.141,627.542,105,0,345,124.663
493,969.89,860.614,629.016,104,0,346,126.728
476,962.773,860.893,629.19,103,0,347,124.326
454,953.778,861.204,629.301,102,0,348,125.377
447,954.391,862.083,629.935,101,0,349,125.275
435,955.931,862.767,630.405,100,0,350,123.03
411,955.762,863.122,631.237,99,0,351,123.901
409,947.521,863.924,632.707,98,0,352,123.754
386,934.332,864.518,632.197,97,0,353,125.294
371,953.814,865.269,633.497,96,0,354,125.505
348,963.115,866.327,635.394,95,0,355,125.078
346,967.858,866.573,634.986,94,0,356,123.125
328,959.201,867.97,636.006,93,0,357,124.016
315,975.025,869.778,638.381,92,0,358,123.598
304,962.632,870.253,639.708,91,0,359,124.412
287,988.749,869.843,640.378,90,0,360,124.653
271,981.192,871.24,643.425,89,0,361,123.475
267,963.895,871.277,643.908,88,0,362,122.753
525,1024.577,867.971,660.933,87,0,363,122.067
506,1029.235,868.787,661.621,86,0,364,120.988
474,1049.487,870.682,663.574,85,0,365,121.408
447,1053.177,870.944,663.732,84,0,366,121.637
433,1070.007,871.816,665.145,83,0,367,121.584
415,1088.212,872.32,666.834,82,0,368,122.28
395,1074.957,872.487,666.359,81,0,369,121.402
411,1064.487,872.676,666.638,80,0,370,121.443
389,1036.113,872.876,667.026,79,0,371,121.24
402,1006.794,873.23,667.472,78,0,372,121.072
391,1011.957,872.952,666.734,77,0,373,122.395
385,981.358,872.803,667.164,76,0,374,121.734
382,954.945,872.957,667.482,75,0,375,121.148
380,961.518,872.98,667.727,74,0,376,122.141
370,946.424,873.314,668.357,73,0,377,120.763
350,953.743,873.746,669.308,72,0,378,118.903
346,961.665,873.915,669.411,71,0,379,121.552
342,944.263,873.971,670.066,70,0,380,120.628
326,951.282,874.3,671.375,69,0,381,121.967
330,951.133,874.534,670.943,68,0,382,120.212
306,964.634,874.961,671.688,67,0,383,122.024
541,986.697,873.456,685.083,66,0,384,120.111
542,1003.43,873.642,685.626,65,0,385,119.828
530,976.33,874.049,684.877,64,0,386,120.062
505,1003.069,874.259,685.726,63,0,387,121.185
500,981.33,874.456,684.523,62,0,388,118.703
487,977.088,875.074,684.216,61,0,389,120.048
473,982.135,875.133,684.141,60,0,390,119.42
460,978.452,875.487,684.584,59,0,391,119.85
447,972.671,875.504,684.191,58,0,392,118.935
428,974.54,875.713,683.817,57,0,393,119.459
421,959.435,875.907,683.89,56,0,394,118.612
400,989.865,876.167,683.71,55,0,395,118.332
383,971.739,876.239,683.728,54,0,396,120.892
371,988.925,876.448,684.112,53,0,397,117.318
358,976.441,876.601,683.519,52,0,398,119.146
350,970.277,876.825,683.394,51,0,399,119.762
339,933.386,876.921,682.941,50,0,400,118.736
322,970.478,877.006,682.793,49,0,401,118.167
319,947.693,877.017,682.914,48,0,402,117.809
307,928.596,876.797,683.755,47,0,403,118.065
304,920.622,877.023,683.114,46,0,404,118.751
300,918.437,877.268,682.662,45,0,405,117.96
282,917.972,877.439,682.666,44,0,406,117.483
285,927.667,877.788,683.916,43,0,407,118.266
272,927.864,877.783,683.951,42,0,408,118.435
271,905.731,877.699,683.837,41,0,409,120.122
231,959.286,877.856,683.783,40,0,410,119.015
250,930.888,878.307,686.12,39,0,411,119.038
465,983.858,881.474,698.267,38,0,412,116.952
459,967.192,881.578,698.8,37,0,413,119.019
447,955.065,881.675,699.137,36,0,414,117.84
433,981.206,881.706,699.578,35,0,415,117.291
429,943.368,881.857,700.535,34,0,416,117.182
440,958.982,881.636,699.327,33,0,417,118.308
422,920.166,881.56,699.768,32,0,418,117.602
424,924.285,881.773,700.315,31,0,419,118.327
405,928.657,881.79,700.755,30,0,420,119.091
405,922.785,882.342,702.717,29,0,421,118.682
373,942.359,882.358,702.564,28,0,422,117.747
368,936.864,882.622,703.366,27,0,423,117.024
344,949.029,882.927,704.891,26,0,424,118.411
346,963.936,883.166,704.88,25,0,425,117.161
333,973.111,883.28,705.419,24,0,426,116.493
317,977.464,883.39,705.776,23,0,427,116.18
310,978.939,883.785,706.551,22,0,428,117.547
313,972.067,884.026,707.273,21,0,429,116.956
306,932.791,884.255,707.3,20,0,430,118.415
291,962.485,884.216,707.203,19,0,431,117.352
619,929.412,891.374,721.567,18,0,432,117.704
609,929.604,891.407,721.846,17,0,433,117.274
605,922.316,891.553,722.255,16,0,434,117.338
614,853.391,891.68,722.721,15,0,435,116.888
581,875.377,891.3,720.801,14,0,436,117.768
585,830.897,891.346,720.972,13,0,437,117.26
591,833.492,891.413,721.588,12,0,438,117.374
588,851.017,891.392,721.057,11,0,439,116.536
564,852.392,891.278,720.527,10,0,440,116.393
538,858.32,891.058,720.235,9,0,441,117.523
520,854.737,891.042,721.502,8,0,442,116.345
499,893.703,891.047,720.568,7,0,443,118.572
484,865.837,890.954,720.386,6,0,444,117.944
479,860.48,890.823,719.516,5,0,445,118.204
470,810.545,890.909,719.604,4,0,446,117.716
468,815.201,890.966,719.515,3,0,447,118.145
465,751.153,890.901,719.584,2,0,448,117.028
445,828.825,891.094,719.144,1,0,0,118.514
409,979.465,838.344,639.917,119,0,450,127.393
393,1001.031,842.484,640.899,118,0,451,129.475
371,993.485,844.533,640.3,117,0,452,128.185
364,988.508,846.201,640.469,116,0,453,126.864
369,970.035,847.246,640.316,115,0,454,127.264
360,976.439,848.134,640.799,114,0,455,127.502
342,975.474,848.212,640.423,113,0,456,127.343
334,958.452,848.154,640.004,112,0,457,127.154
328,943.854,849.138,639.829,111,0,458,126.433
333,935.021,849.996,638.805,110,0,340,126.334
253,1253.66,851.349,643.548,119,0,460,127.393
237,1251.945,854.671,645.927,118,0,461,129.475
231,1248.632,855.237,648.383,117,0,462,128.185
218,1244.881,855.496,652.795,116,0,463,126.864
213,1219.554,856.019,653.972,115,0,464,127.264
224,1218.259,856.338,656.344,114,0,465,127.502
211,1183.161,856.011,656.417,113,0,466,127.343
224,1166.933,856.232,656.115,112,0,467,127.154
221,1133.163,856.746,657.797,111,0,1754,126.433
457,544.761,832.547,676.341,110,0,0,126.334
193,1200.285,875.178,609.303,119,0,470,127.393
193,1188.71,875.208,611.297,118,0,471,129.475
185,1185.265,875.046,610.528,117,0,472,128.185
194,1144.763,875.903,610.849,116,0,473,126.864
183,1133.246,875.804,611.184,115,0,474,127.264
169,1135.976,876.579,612.483,114,0,283,127.502
164,1224.835,891.487,616.825,119,0,178,127.393
262,1245.63,907.131,605.225,119,0,477,127.393
247,1286.53,907.205,609.25,118,0,478,129.475
260,1273.85,906.574,610.431,117,0,479,128.185
262,1239.191,905.267,611.639,116,0,480,126.864
246,1239.402,904.256,612.645,115,0,481,127.264
243,1233.247,903.824,614.265,114,0,482,127.502
228,1242.43,903.512,614.543,113,0,483,127.343
210,1227.148,902.455,614.452,112,0,484,127.154
211,1214.28,901.638,615.824,111,0,485,126.433
208,1204.048,900.935,615.464,110,0,486,126.334
208,1184.12,900.384,616.158,109,0,487,125.37
209,1169.498,900.336,618.32,108,0,488,124.968
202,1190.49,898.567,618.379,107,0,489,125.202
190,1198.805,898.243,621.2,106,0,490,125.602
198,1197.051,898.035,624.505,105,0,491,124.663
347,1266.813,897.995,638.325,104,0,492,126.728
337,1280.427,898.078,640.219,103,0,493,124.326
330,1263.609,898.018,642.311,102,0,494,125.377
319,1261.52,897.499,644.428,101,0,495,125.275
308,1243.951,897.571,646.824,100,0,496,123.03
292,1242.486,897.638,648.611,99,0,497,123.901
283,1230.385,898.25,650.17,98,0,498,123.754
278,1225.209,897.837,650.106,97,0,499,125.294
264,1228.208,898.096,650.287,96,0,500,125.505
265,1197.823,898.176,651.565,95,0,501,125.078
253,1151.506,897.986,650.634,94,0,502,123.125
245,1149.861,898.036,651.388,93,0,503,124.016
249,1142.594,898.606,653.944,92,0,504,123.598
234,1133.282,898.604,654.613,91,0,505,124.412
226,1154.066,897.938,654.724,90,0,506,124.653
220,1136.241,898.916,658.295,89,0,507,123.475
202,1158.282,898.718,658.809,88,0,508,122.753
196,1171.918,899.697,660.548,87,0,509,122.067
183,1169.541,899.518,661.351,86,0,510,120.988
385,1201.603,906.522,676.035,85,0,511,121.408
377,1209.008,905.961,674.915,84,0,512,121.637
365,1193.038,905.891,675.395,83,0,513,121.584
358,1213.737,905.685,675.798,82,0,514,122.28
347,1194.882,905.349,675.293,81,0,515,121.402
351,1214.578,905.168,675.527,80,0,516,121.443
341,1168.46,905.052,675.813,79,0,517,121.24
346,1143.945,905.198,676.198,78,0,518,121.072
338,1163.5,905.079,675.853,77,0,519,122.395
333,1141.697,905.065,675.834,76,0,520,121.734
320,1137.469,904.897,676.024,75,0,521,121.148
316,1134.073,905.11,675.994,74,0,522,122.141
309,1122.686,905,676.351,73,0,523,120.763
301,1123.565,905.016,676.186,72,0,524,118.903
293,1120.962,905.364,676.496,71,0,525,121.552
274,1088.949,905.551,676.375,70,0,526,120.628
275,1084.6,905.883,677.536,69,0,527,121.967
257,1105.284,905.786,676.514,68,0,528,120.212
252,1073.151,905.735,676.063,67,0,529,122.024
241,1067.083,905.964,676.7,66,0,530,120.111
232,1078.379,905.82,676.51,65,0,531,119.828
495,992.145,912.798,689.113,64,0,532,120.062
475,1009.131,912.291,689.211,63,0,533,121.185
450,995.227,911.699,688.193,62,0,534,118.703
440,987.111,911.182,687.831,61,0,535,120.048
418,1000.079,910.618,687.008,60,0,536,119.42
395,1003.762,910.286,686.353,59,0,537,119.85
401,984.426,910.034,685.961,58,0,538,118.935
382,978.56,909.782,685.707,57,0,539,119.459
384,957.409,909.41,685.198,56,0,540,118.612
365,964.09,909.243,684.996,55,0,541,118.332
370,923.711,908.88,684.639,54,0,542,120.892
358,936.31,908.488,684.274,53,0,543,117.318
349,915.02,908.176,683.812,52,0,544,119.146
347,897.317,907.775,682.631,51,0,545,119.762
341,894.499,907.451,682.67,50,0,546,118.736
316,905.668,906.986,681.599,49,0,547,118.167
310,897.239,906.546,680.534,48,0,548,117.809
297,899.397,906.298,680.513,47,0,549,118.065
276,927.772,905.778,679.27,46,0,550,118.751
273,908.381,905.402,677.017,45,0,551,117.96
275,904.895,905.054,676.826,44,0,552,117.483
245,907.041,904.747,677.633,43,0,135,118.266
243,1224.844,917.987,618.343,119,0,554,127.393
221,1256.439,918.642,620.024,118,0,555,129.475
211,1244.043,918.136,620.341,117,0,556,128.185
204,1232.373,917.739,621.669,116,0,557,126.864
211,1188.73,917.468,620.435,115,0,63,127.264
355,1083.124,946.798,653.086,119,0,559,127.393
344,1073.523,948.062,654.946,118,0,560,129.475
317,1070.347,947.734,654.98,117,0,561,128.185
318,1047.664,947.95,655.783,116,0,562,126.864
304,1049.562,947.582,656.281,115,0,563,127.264
291,1052.316,947.679,657.841,114,0,564,127.502
284,1047.965,947.399,657.499,113,0,565,127.343
272,1036.316,946.592,656.211,112,0,566,127.154
277,1018.047,946.355,656.343,111,0,567,126.433
279,1003.384,945.875,656.114,110,0,568,126.334
283,984.18,945.764,656.397,109,0,569,125.37
286,948.724,946.238,658.027,108,0,570,124.968
283,935.622,945.647,657.052,107,0,571,125.202
296,939.892,945.153,658.969,106,0,572,125.602
289,934.813,944.891,659.963,105,0,573,124.663
287,938.157,943.429,662.073,104,0,574,126.728
261,943.828,941.033,662.496,103,0,575,124.326
232,990.466,938.736,664.496,102,0,576,125.377
421,1060.52,934.501,678.642,101,0,577,125.275
415,1080.501,933.657,680.148,100,0,578,123.03
390,1077.305,933.123,681.216,99,0,579,123.901
385,1089.351,932.589,683.411,98,0,580,123.754
364,1089.058,931.868,683.032,97,0,581,125.294
377,1077.34,931.5,682.795,96,0,582,125.505
351,1076.789,931.249,684.351,95,0,583,125.078
349,1068.937,930.726,683.553,94,0,584,123.125
342,1061.395,930.763,683.778,93,0,585,124.016
335,1065.057,931.122,685.851,92,0,586,123.598
340,1039.218,930.918,686.019,91,0,587,124.412
319,1063.251,929.885,686.719,90,0,588,124.653
311,1050.087,930.258,688.918,89,0,589,123.475
290,1045.255,929.177,687.654,88,0,590,122.753
277,1061.404,928.682,690.067,87,0,591,122.067
611,1042.216,932.057,706.054,86,0,592,120.988
568,1062.19,932.195,707.332,85,0,593,121.408
544,1052.886,931.975,706.798,84,0,594,121.637
547,1040.32,931.622,706.839,83,0,595,121.584
514,1059.839,931.145,707.742,82,0,596,122.28
490,1054.7,930.329,707.61,81,0,597,121.402
478,1068.669,930.002,707.429,80,0,598,121.443
480,1038.781,929.544,707.179,79,0,599,121.24
439,1026.752,929.477,707.972,78,0,600,121.072
434,1037.373,929.06,707.174,77,0,601,122.395
404,1044.017,928.45,707.193,76,0,602,121.734
380,1059.179,927.866,707.151,75,0,603,121.148
369,1043.797,927.219,706.484,74,0,604,122.141
351,1032.86,926.459,705.696,73,0,605,120.763
342,1036.836,925.844,705.559,72,0,606,118.903
315,1051.756,924.93,705.066,71,0,607,121.552
310,1016.516,924.131,704.408,70,0,608,120.628
299,1020.388,923.864,705.456,69,0,609,121.967
299,1009.013,922.889,703.606,68,0,610,120.212
285,990.004,921.99,702.623,67,0,611,122.024
273,988.315,921.112,702.231,66,0,612,120.111
267,982.24,920.076,701.531,65,0,531,119.828
337,1414.543,931.55,652.526,119,0,614,127.393
343,1424.207,932.157,653.316,118,0,615,129.475
326,1417.791,931.842,653.142,117,0,616,128.185
325,1412.988,931.816,653.726,116,0,617,126.864
305,1410.892,931.361,653.502,115,0,618,127.264
310,1394.632,931.784,654.557,114,0,619,127.502
307,1392.603,931.429,653.825,113,0,620,127.343
299,1370.512,930.797,652.697,112,0,621,127.154
298,1351.265,929.999,651.911,111,0,622,126.433
303,1322.251,929.06,650.51,110,0,623,126.334
289,1305.734,927.984,649.402,109,0,624,125.37
303,1276.99,927.923,649.594,108,0,625,124.968
308,1264.87,926.277,647.54,107,0,626,125.202
288,1255.872,925.425,646.736,106,0,627,125.602
292,1261.216,924.785,646.097,105,0,628,124.663
280,1253.557,924.436,645.806,104,0,629,126.728
278,1212.737,923.247,643.885,103,0,75,124.326
293,1289.038,950.626,693.438,119,0,631,127.393
286,1285.521,949.713,693.436,118,0,632,129.475
281,1260.673,948.921,691.72,117,0,633,128.185
269,1247.026,947.917,691.214,116,0,634,126.864
254,1225.205,946.85,691.081,115,0,635,127.264
261,1228.375,946.656,692.168,114,0,636,127.502
251,1203.458,946.135,690.951,113,0,637,127.343
247,1179.729,944.875,689.177,112,0,638,127.154
246,1175.15,943.992,688.204,111,0,639,126.433
242,1149.186,942.311,687.337,110,0,640,126.334
246,1144.715,941.367,686.936,109,0,641,125.37
244,1127.418,940.071,688.954,108,0,642,124.968
234,1123.184,938.269,687.064,107,0,643,125.202
229,1123.734,936.449,687.874,106,0,644,125.602
226,1111.54,935.061,688.293,105,0,645,124.663
208,1122.067,934.104,689.23,104,0,646,126.728
220,1101.127,933.307,688.733,103,0,647,124.326
205,1109.259,932.776,689.681,102,0,576,125.377
410,1236.688,959.97,714.452,119,0,649,127.393
398,1249.241,958.871,715.303,118,0,650,129.475
387,1237.982,957.244,714.928,117,0,651,128.185
376,1209.423,955.252,715.285,116,0,652,126.864
388,1182.585,953.737,715.25,115,0,653,127.264
374,1187.329,953.029,717.74,114,0,654,127.502
361,1180.958,952.298,717.353,113,0,655,127.343
342,1185.02,950.254,717.764,112,0,656,127.154
334,1173.641,948.532,718.252,111,0,657,126.433
317,1172.006,945.793,718.781,110,0,658,126.334
306,1174.229,944.052,719.767,109,0,659,125.37
295,1169.153,942.746,721.736,108,0,660,124.968
288,1169.497,940.147,719.406,107,0,661,125.202
281,1161.178,938.926,719.28,106,0,662,125.602
252,1155.508,938.109,718.744,105,0,663,124.663
557,1082.165,948.504,731.995,104,0,664,126.728
548,1087.066,946.896,730.771,103,0,665,124.326
522,1085.038,946.241,730.354,102,0,666,125.377
512,1096.961,945.285,730.275,101,0,667,125.275
485,1105.751,944.539,729.67,100,0,668,123.03
464,1103.591,943.254,728.376,99,0,669,123.901
443,1124.393,942.73,728.419,98,0,670,123.754
422,1100.225,942.02,727.266,97,0,671,125.294
428,1086.696,941.484,726.758,96,0,672,125.505
415,1068.67,940.988,726.688,95,0,673,125.078
408,1069.027,939.988,725.164,94,0,674,123.125
408,1037.179,939.853,725.311,93,0,675,124.016
397,1039.798,939.911,725.797,92,0,676,123.598
390,1024.649,939.021,724.812,91,0,677,124.412
357,1029.524,938.006,723.385,90,0,678,124.653
356,1030.228,938.498,724.503,89,0,679,123.475
368,1020.666,936.929,721.767,88,0,680,122.753
337,1011.677,937.147,722.169,87,0,591,122.067
523,1086.834,977.304,742.37,119,0,682,127.393
485,1112.526,975.33,743.798,118,0,683,129.475
465,1104.105,973.438,744.883,117,0,684,128.185
442,1087.335,972.172,745.7,116,0,685,126.864
436,1066.521,970.855,745.936,115,0,686,127.264
418,1081.151,970.551,747.853,114,0,687,127.502
403,1064.95,969.992,746.712,113,0,688,127.343
377,1067.085,968.691,745.535,112,0,689,127.154
371,1056.267,967.975,745.7,111,0,690,126.433
364,1049.294,966.572,744.283,110,0,691,126.334
336,1053.012,966.337,744.397,109,0,692,125.37
334,1038.033,965.298,745.455,108,0,693,124.968
317,1048.634,962.835,744.424,107,0,694,125.202
317,1042.707,961.761,745.593,106,0,695,125.602
302,1041.315,959.943,744.083,105,0,663,124.663
229,1242.066,964.927,751.075,119,0,697,127.393
222,1272.856,964.156,753.782,118,0,698,129.475
207,1262.155,961.989,753.46,117,0,699,128.185
210,1255.752,960.52,753.463,116,0,700,126.864
477,1156.419,966.955,767.031,115,0,701,127.264
459,1145,966.645,768.148,114,0,702,127.502
450,1134.68,966.351,767.665,113,0,703,127.343
444,1125.806,965.282,766.293,112,0,704,127.154
437,1113.904,964.669,766.274,111,0,705,126.433
442,1090.767,963.676,765.347,110,0,706,126.334
427,1088.138,963.118,764.927,109,0,707,125.37
421,1065.083,962.806,765.829,108,0,708,124.968
400,1070.198,961.117,763.964,107,0,709,125.202
391,1078.417,959.158,763.039,106,0,710,125.602
387,1102.488,957.261,761.522,105,0,711,124.663
364,1113.22,955.271,760.661,104,0,712,126.728
357,1097.462,953.391,759.605,103,0,713,124.326
344,1099.116,951.903,758.673,102,0,714,125.377
343,1069.603,951.407,759.047,101,0,715,125.275
339,1077.534,950.682,758.826,100,0,716,123.03
323,1078.697,949.167,757.595,99,0,717,123.901
323,1065.994,948.263,757.74,98,0,718,123.754
316,1030.212,946.899,756.134,97,0,719,125.294
303,1049.677,945.996,755.982,96,0,720,125.505
306,1040.48,944.22,755.663,95,0,721,125.078
293,1038.877,942.128,753.691,94,0,722,123.125
294,1018.908,940.804,753.09,93,0,723,124.016
285,1037.846,940.367,753.596,92,0,724,123.598
271,1023.683,938.561,752.15,91,0,725,124.412
260,1047.1,936.379,750.385,90,0,726,124.653
248,1046.375,936.313,751.876,89,0,727,123.475
574,935.108,942.351,765.723,88,0,728,122.753
552,946.674,941.038,764.659,87,0,729,122.067
548,945.861,939.479,763.363,86,0,730,120.988
528,949.434,939.24,763.923,85,0,731,121.408
507,942.353,937.561,761.541,84,0,732,121.637
488,941.135,936.383,760.789,83,0,733,121.584
461,969.531,935.307,760.462,82,0,734,122.28
445,960.874,933.692,757.685,81,0,735,121.402
438,977.676,932.687,757.466,80,0,736,121.443
414,961.331,931.529,757.075,79,0,737,121.24
407,939.889,930.881,756.577,78,0,738,121.072
407,930.948,929.971,755.629,77,0,739,122.395
390,920.554,929.339,754.813,76,0,740,121.734
400,905.802,928.635,753.564,75,0,741,121.148
404,892.693,927.834,752.731,74,0,742,122.141
392,842.714,927.415,752.596,73,0,743,120.763
387,853.013,927.006,752.18,72,0,744,118.903
366,842.806,926.293,751.477,71,0,745,121.552
357,819.148,925.597,750.396,70,0,746,120.628
342,818.822,925.148,750.782,69,0,747,121.967
323,827.56,923.722,748.12,68,0,748,120.212
325,820.862,922.895,746.59,67,0,749,122.024
297,824.219,922.03,745.225,66,0,750,120.111
479,929.203,912.854,732.81,65,0,751,119.828
457,902.853,912.478,731.676,64,0,752,120.062
436,934.943,911.552,730.712,63,0,753,121.185
417,963.07,910.483,728.97,62,0,754,118.703
410,948.627,909.767,728.313,61,0,755,120.048
406,936.931,909.545,728.225,60,0,756,119.42
397,933.562,909.069,727.414,59,0,757,119.85
384,943.37,908.371,726.24,58,0,758,118.935
365,934.803,907.827,725.609,57,0,759,119.459
357,938.238,907.21,724.844,56,0,760,118.612
343,960.041,906.454,723.9,55,0,761,118.332
333,951.333,906.014,723.182,54,0,762,120.892
307,984.358,905.542,722.59,53,0,763,117.318
314,971.707,905.465,721.866,52,0,764,119.146
312,959.151,905.062,721.078,51,0,765,119.762
300,951.683,904.876,720.986,50,0,766,118.736
301,926.9,904.884,720.607,49,0,767,118.167
293,920.771,904.835,720.407,48,0,768,117.809
291,899.725,904.574,720.325,47,0,769,118.065
290,900.321,904.358,719.586,46,0,251,118.751
298,1096.685,978.465,784.695,119,0,771,127.393
278,1112.932,977.636,784.493,118,0,772,129.475
266,1121.872,975.855,782.517,117,0,773,128.185
258,1093.132,975.316,781.354,116,0,700,126.864
256,1263.324,962.526,785.257,119,0,775,127.393
250,1273.612,962.227,785.861,118,0,776,129.475
238,1250.71,961.755,784.885,117,0,777,128.185
252,1231.405,961.887,786.181,116,0,778,126.864
252,1211.536,961.105,786.289,115,0,779,127.264
250,1188.328,961.429,788.024,114,0,780,127.502
240,1172.404,961.272,787.871,113,0,781,127.343
230,1156.713,961.225,787.316,112,0,782,127.154
549,1011.639,969.72,801.058,111,0,783,126.433
539,988.976,968.604,799.811,110,0,784,126.334
528,988.072,967.739,798.957,109,0,785,125.37
519,967.588,967.254,799.226,108,0,786,124.968
479,976.674,965.464,796.903,107,0,787,125.202
472,975.617,964.616,796.391,106,0,788,125.602
455,990.136,963.365,795.438,105,0,789,124.663
439,992.77,962.8,795.224,104,0,790,126.728
418,985.005,961.849,793.948,103,0,791,124.326
412,977.413,961.506,793.483,102,0,792,125.377
403,967.896,960.709,792.837,101,0,793,125.275
393,976.669,959.747,791.768,100,0,794,123.03
392,968.102,958.361,789.868,99,0,795,123.901
382,963.832,957.101,788.936,98,0,796,123.754
372,943.462,956.092,787.602,97,0,797,125.294
367,947.136,955.124,786.842,96,0,798,125.505
366,929.164,954.333,786.548,95,0,799,125.078
345,926.887,952.95,784.783,94,0,800,123.125
338,912.618,952.595,784.555,93,0,801,124.016
331,910.782,953.037,785.392,92,0,802,123.598
338,889.536,952.604,784.76,91,0,803,124.412
332,888.13,951.434,782.428,90,0,804,124.653
339,876.23,950.653,782.131,89,0,727,123.475
362,953.685,983.945,821.449,119,0,806,127.393
347,953.888,983.947,821.428,118,0,807,129.475
345,949.588,982.956,819.823,117,0,808,128.185
343,919.05,982.83,819.643,116,0,809,126.864
348,928.977,981.757,818.574,115,0,810,127.264
343,919.831,981.674,819.115,114,0,811,127.502
325,913.708,981.038,818.054,113,0,812,127.343
320,896.772,979.761,815.9,112,0,782,127.154
396,970.172,974.548,831.983,119,0,814,127.393
379,973.739,975.086,832.748,118,0,815,129.475
406,922.3,975.15,832.704,117,0,816,128.185
397,899.186,975.287,833.133,116,0,817,126.864
393,875.71,974.977,833.104,115,0,818,127.264
391,881.059,975.106,834.142,114,0,819,127.502
391,873.304,975.118,833.247,113,0,820,127.343
376,867.069,974.469,832.232,112,0,821,127.154
372,859.527,974.409,832.183,111,0,822,126.433
358,861.383,973.534,830.975,110,0,823,126.334
362,833.34,973.726,831.264,109,0,824,125.37
341,826.144,973.915,831.941,108,0,825,124.968
339,827.858,972.282,829.124,107,0,826,125.202
336,801.905,972.411,829.165,106,0,827,125.602
330,795.5,971.507,827.985,105,0,828,124.663
587,895.738,960.439,816.208,104,0,829,126.728
591,862.567,960.058,815.445,103,0,830,124.326
563,856.007,959.807,814.879,102,0,831,125.377
570,834.718,960.061,815.328,101,0,832,125.275
547,850.203,959.681,815.018,100,0,833,123.03
541,822.841,959.749,814.477,99,0,834,123.901
506,826.253,959.443,814.39,98,0,835,123.754
495,824.638,959.049,813.328,97,0,836,125.294
477,840.497,958.52,812.326,96,0,837,125.505
467,839.931,958.284,812.269,95,0,838,125.078
456,850.704,957.617,810.803,94,0,839,123.125
438,834.345,957.662,810.863,93,0,840,124.016
437,837.506,957.744,811.176,92,0,841,123.598
425,808.066,957.385,810.824,91,0,842,124.412
431,805.374,956.781,809.759,90,0,843,124.653
422,806.438,957.009,810.604,89,0,844,123.475
405,792.681,956.168,808.525,88,0,845,122.753
391,802.026,955.741,807.854,87,0,846,122.067
388,775.923,954.899,806.74,86,0,847,120.988
358,795.855,954.992,807.151,85,0,848,121.408
649,882.639,940.737,794.363,84,0,849,121.637
626,884.899,940.099,793.579,83,0,850,121.584
604,907.831,939.644,793.614,82,0,851,122.28
587,888.433,938.903,792.011,81,0,852,121.402
565,913.264,938.516,791.847,80,0,853,121.443
555,867.404,938.585,791.984,79,0,1834,121.24
1059,204.907,876.069,809.633,78,0,0,121.072
384,1222.294,947.126,815.429,119,0,856,127.393
350,1241.111,947.725,815.899,118,0,857,129.475
343,1212.114,947.811,815.184,117,0,858,128.185
337,1197.68,947.725,815.471,116,0,859,126.864
312,1192.545,947.481,814.658,115,0,860,127.264
306,1189.549,947.592,815.495,114,0,861,127.502
309,1137.793,947.464,814.544,113,0,862,127.343
294,1131.432,947.417,812.964,112,0,863,127.154
285,1111.565,947.021,812.831,111,0,864,126.433
289,1078.211,946.795,811.151,110,0,865,126.334
267,1101.397,947.644,808.937,109,0,866,125.37
274,1071.664,948.824,807.858,108,0,867,124.968
251,1077.641,948.859,804.569,107,0,868,125.202
259,1052.251,949.921,804.335,106,0,869,125.602
245,1058.841,949.365,804.181,105,0,828,124.663
331,1294.384,935.53,807.462,119,0,1630,127.393
740,213.099,837.024,850.41,118,0,0,129.475
138,1275.601,939.44,790.477,119,0,873,127.393
312,1248.311,927.755,798.31,118,0,874,129.475
316,1236.516,928.857,796.729,117,0,875,128.185
306,1214.716,929.187,796.494,116,0,876,126.864
293,1219.451,929.262,795.154,115,0,877,127.264
284,1215.25,930.296,795.526,114,0,878,127.502
279,1211.699,931.18,793.417,113,0,879,127.343
289,1178.685,931.911,789.871,112,0,880,127.154
294,1183.044,932.785,786.834,111,0,881,126.433
298,1170.916,932.882,783.227,110,0,882,126.334
267,1183.12,936.514,777.435,109,0,883,125.37
237,1194.869,936.529,775.327,108,0,884,124.968
232,1196.927,935.127,772.499,107,0,885,125.202
216,1195.81,934.563,771.913,106,0,886,125.602
222,1194.901,933.818,771.352,105,0,887,124.663
222,1187.383,933.569,771.808,104,0,888,126.728
215,1187.07,932.788,771.772,103,0,889,124.326
203,1170.631,932.143,771.669,102,0,890,125.377
202,1150.96,932.592,771.645,101,0,891,125.275
205,1152.732,931.749,771.133,100,0,892,123.03
206,1144.573,930.387,769.893,99,0,893,123.901
446,1138.522,914.518,772.469,98,0,894,123.754
437,1122.371,914.182,770.214,97,0,895,125.294
423,1146.589,914.446,768.388,96,0,896,125.505
395,1150.385,914.153,768.323,95,0,897,125.078
387,1158.819,913.331,766.717,94,0,898,123.125
370,1151.062,913.074,766.71,93,0,899,124.016
358,1142.413,912.726,767.302,92,0,900,123.598
366,1111.563,912.377,766.668,91,0,901,124.412
358,1117.346,910.852,765.715,90,0,902,124.653
336,1111.283,910.46,767.134,89,0,903,123.475
337,1102.929,908.239,765.363,88,0,904,122.753
331,1111.843,908,765.639,87,0,905,122.067
314,1109.838,906.76,764.522,86,0,906,120.988
304,1117.914,906.838,765.03,85,0,907,121.408
307,1099.531,905.566,763.392,84,0,908,121.637
278,1101.583,905.695,763.206,83,0,909,121.584
586,1067.805,890.135,758.082,82,0,910,122.28
572,1050.491,891.196,757.169,81,0,911,121.402
538,1090.649,892.513,757.71,80,0,912,121.443
519,1047.854,893.178,758.122,79,0,1810,121.24
175,1206.171,916.614,805.167,119,0,873,127.393
447,1008.615,888.974,814.517,119,0,1596,127.393
483,1075.371,870.231,792.114,119,0,916,127.393
449,1100.63,871.759,792.173,118,0,917,129.475
444,1090.7,871.508,791.177,117,0,918,128.185
457,1069.687,872.058,790.882,116,0,919,126.864
446,1059.536,872.089,790.272,115,0,920,127.264
430,1077.53,872.079,790.756,114,0,921,127.502
402,1074.241,871.256,789.01,113,0,922,127.343
403,1059.993,870.365,787.33,112,0,923,127.154
408,1059.912,869.518,786.372,111,0,924,126.433
383,1037.24,868.44,784.715,110,0,925,126.334
374,1031.917,867.801,784.244,109,0,926,125.37
379,1002.412,868.24,784.743,108,0,927,124.968
364,1003.286,867.556,782.399,107,0,928,125.202
351,996.08,867.658,781.435,106,0,929,125.602
338,1002.367,868,780.163,105,0,930,124.663
334,987.853,868.482,779.801,104,0,931,126.728
309,973.867,869.35,778.102,103,0,932,124.326
296,977.956,869.989,776.831,102,0,933,125.377
605,988.597,861.274,760.502,101,0,934,125.275
570,1002.711,863.002,759.756,100,0,935,123.03
535,1010.112,864.417,758.607,99,0,936,123.901
519,1016.235,865.946,758.853,98,0,937,123.754
489,1026.262,867.061,757.289,97,0,938,125.294
477,1049.927,867.949,756.766,96,0,939,125.505
471,1042.499,868.438,756.315,95,0,940,125.078
474,1024.114,868.306,754.85,94,0,941,123.125
445,1035.013,868.415,754.458,93,0,942,124.016
444,1031.07,868.78,754.715,92,0,943,123.598
432,1006.083,868.779,754.449,91,0,944,124.412
427,1026.293,868.553,753.161,90,0,945,124.653
422,996.839,869.742,754.543,89,0,946,123.475
395,997.362,869.705,752.736,88,0,947,122.753
387,1012.041,871.293,753.09,87,0,948,122.067
374,1007.479,871.073,752.492,86,0,949,120.988
365,1009.082,871.864,753.574,85,0,950,121.408
337,1009.632,872.03,752.597,84,0,951,121.637
321,1022.374,873.568,752.887,83,0,909,121.584
230,1289.917,874.533,778.815,119,0,953,127.393
224,1295.196,875.205,779.63,118,0,954,129.475
217,1277.585,875.007,778.828,117,0,955,128.185
453,1268.21,893.277,782.145,116,0,956,126.864
440,1286.861,894.226,781.047,115,0,957,127.264
417,1275.453,894.974,781.811,114,0,958,127.502
403,1260.878,895.036,780.636,113,0,959,127.343
395,1237.592,894.621,779.011,112,0,960,127.154
378,1242.601,894.452,778.712,111,0,961,126.433
369,1225.759,893.186,777.382,110,0,962,126.334
366,1193.866,893.77,777.66,109,0,963,125.37
353,1196.289,893.525,777.852,108,0,964,124.968
341,1178.985,892.173,775.954,107,0,965,125.202
316,1204.288,892.36,775.848,106,0,966,125.602
299,1214.448,893.154,775.471,105,0,967,124.663
279,1193.029,894.53,776.09,104,0,968,126.728
277,1180.668,895.287,775.425,103,0,969,124.326
265,1175.087,896.966,775.392,102,0,970,125.377
262,1173.443,898.525,776.092,101,0,971,125.275
244,1161.352,899.525,776.606,100,0,972,123.03
237,1140.835,899.486,776.296,99,0,893,123.901
220,1341.482,907.895,790.167,119,0,974,127.393
215,1349.437,908.548,790.193,118,0,975,129.475
227,1311.15,907.604,788.127,117,0,955,128.185
295,1516.281,915.561,778.056,119,0,977,127.393
294,1522.054,916.551,778.378,118,0,978,129.475
275,1508.033,916.968,776.978,117,0,979,128.185
271,1521.871,918.509,776.519,116,0,980,126.864
258,1527.132,917.41,775.415,115,0,981,127.264
242,1539,918.129,776.58,114,0,982,127.502
235,1537.204,917.309,775.291,113,0,983,127.343
226,1523.593,915.483,773.184,112,0,984,127.154
221,1531.778,914.056,771.798,111,0,985,126.433
210,1525.686,912.272,770.231,110,0,986,126.334
203,1526.246,909.876,769.492,109,0,987,125.37
450,1494.084,893.547,762.548,108,0,988,124.968
454,1490.247,891.957,759.527,107,0,989,125.202
427,1518.953,891.44,758.54,106,0,990,125.602
429,1540.238,890.241,756.811,105,0,991,124.663
396,1555.187,890.027,755.363,104,0,992,126.728
374,1539.543,889.906,753.14,103,0,993,124.326
357,1522.333,890.151,750.818,102,0,994,125.377
345,1530.806,891.185,750.109,101,0,995,125.275
336,1531.702,891.24,750.316,100,0,996,123.03
319,1519.313,890.73,749.879,99,0,997,123.901
310,1505.526,890.458,749.756,98,0,998,123.754
305,1523.128,889.039,747.193,97,0,999,125.294
290,1552.083,888.42,745.801,96,0,1000,125.505
290,1520.21,888.286,745.585,95,0,1001,125.078
278,1534.845,887.495,744.378,94,0,1002,123.125
271,1507.782,887.555,743.698,93,0,1003,124.016
263,1520.209,887.776,744.366,92,0,1004,123.598
258,1503.341,887.31,743.852,91,0,1005,124.412
254,1489.929,886.054,741.386,90,0,1006,124.653
251,1493.777,886.498,741.931,89,0,1007,123.475
245,1500.367,885.113,738.58,88,0,1008,122.753
236,1532.161,884.839,737.929,87,0,1009,122.067
238,1528.403,883.868,736.366,86,0,1010,120.988
233,1528.176,883.657,736.401,85,0,1011,121.408
227,1536.877,882.84,734.063,84,0,1012,121.637
215,1537.874,882.477,733.078,83,0,1013,121.584
225,1538.702,882.287,732.455,82,0,1014,122.28
213,1523.357,881.93,730.819,81,0,1015,121.402
204,1567.882,881.952,730.406,80,0,1016,121.443
440,1473.766,882.036,716.781,79,0,1017,121.24
447,1427.28,882.299,716.267,78,0,1018,121.072
445,1411.685,882.356,714.587,77,0,1019,122.395
423,1397.57,882.511,714.215,76,0,1020,121.734
432,1365.884,882.735,713.127,75,0,1021,121.148
420,1383.226,882.612,712.755,74,0,1022,122.141
418,1338.182,882.916,711.377,73,0,1023,120.763
399,1351.564,882.937,711.708,72,0,1024,118.903
389,1346.172,883.045,711.258,71,0,1025,121.552
387,1300.581,883.445,710.77,70,0,1026,120.628
367,1315.687,883.887,711.92,69,0,1027,121.967
364,1322.885,884.043,711.021,68,0,1028,120.212
358,1309.534,884.132,710.933,67,0,1029,122.024
346,1303.618,884.099,711.345,66,0,1030,120.111
334,1327.59,884.222,710.97,65,0,1031,119.828
336,1282.673,884.255,711.356,64,0,1032,120.062
327,1299.193,884.352,711.441,63,0,1033,121.185
328,1286.009,884.318,710.938,62,0,1034,118.703
308,1267.162,884.288,710.849,61,0,1035,120.048
320,1255.412,884.167,710.507,60,0,1036,119.42
313,1229.617,884.14,710.77,59,0,1037,119.85
317,1217.707,884.032,710.596,58,0,1038,118.935
307,1197.694,884.096,710.662,57,0,1039,119.459
314,1156.975,884.102,710.461,56,0,1040,118.612
310,1171.277,884.024,710.554,55,0,1041,118.332
310,1111.713,884.165,710.696,54,0,1042,120.892
304,1128.118,884.132,710.624,53,0,1043,117.318
298,1091.289,883.954,710.441,52,0,1044,119.146
301,1074.292,884.327,709.907,51,0,1045,119.762
292,1056.312,884.39,709.978,50,0,1046,118.736
288,1056.438,884.578,709.925,49,0,1047,118.167
281,1049.384,884.597,710.052,48,0,1048,117.809
264,1033.803,884.867,710.805,47,0,1049,118.065
255,1041.027,885.024,710.934,46,0,1050,118.751
251,1032.916,885.076,709.728,45,0,1051,117.96
253,1023.202,884.734,710.178,44,0,1052,117.483
236,1051.331,885.111,711.461,43,0,1053,118.266
230,1057.126,884.892,711.01,42,0,1054,118.435
224,1028.781,884.748,710.663,41,0,1055,120.122
238,1038.756,884.441,709.946,40,0,1056,119.015
211,1066.081,884.911,711.444,39,0,411,119.038
385,1712.216,925.153,763.177,119,0,1058,127.393
374,1722.385,925.591,763.958,118,0,1059,129.475
351,1712.684,924.958,763.386,117,0,1060,128.185
348,1706.664,925.246,763.596,116,0,1061,126.864
334,1703.347,924.375,762.857,115,0,1062,127.264
339,1720.103,924.101,763.498,114,0,1063,127.502
326,1704.65,923.355,762.108,113,0,1064,127.343
319,1670.52,921.71,760.402,112,0,1752,127.154
667,295.195,985.134,654.488,111,0,0,126.433
273,1283.615,932.773,751.672,119,0,1067,127.393
261,1293.916,932.205,751.788,118,0,1068,129.475
254,1279.142,932.419,751.763,117,0,1069,128.185
232,1272.065,933.63,752.868,116,0,1070,126.864
226,1247.504,934.168,753.234,115,0,1071,127.264
204,1220.809,934.675,754.52,114,0,1072,127.502
220,1193.027,936.345,754.713,113,0,1073,127.343
200,1177.38,935.744,754.267,112,0,1074,127.154
214,1152.776,936.913,754.726,111,0,1075,126.433
193,1159.176,934.62,752.526,110,0,1076,126.334
186,1177.941,931.208,748.991,109,0,1077,125.37
174,1166.805,931.253,749.325,108,0,1078,124.968
169,1165.97,928.9,747.376,107,0,1079,125.202
175,1173.777,927.742,747.083,106,0,1080,125.602
161,1159.863,927.486,747.406,105,0,1081,124.663
147,1142.286,927.228,748.174,104,0,1082,126.728
146,1140.712,926.185,747.708,103,0,1083,124.326
148,1133.818,926.658,748.72,102,0,1084,125.377
148,1157.588,925.83,747.905,101,0,1085,125.275
130,1139.269,925.171,747.615,100,0,1086,123.03
136,1124.934,924.826,746.727,99,0,1087,123.901
133,1141.241,923.593,745.22,98,0,1088,123.754
231,1159.602,916.769,736.597,97,0,1089,125.294
233,1162.133,915.529,735.022,96,0,1090,125.505
212,1146.991,916.098,736.304,95,0,1091,125.078
207,1151.116,916.123,735.78,94,0,1092,123.125
201,1164.557,915.295,735.701,93,0,1093,124.016
185,1168.222,916.91,737.546,92,0,1094,123.598
191,1136.654,915.703,736.154,91,0,1095,124.412
183,1145.645,914.46,733.627,90,0,1096,124.653
159,1136.604,914.986,735.067,89,0,1097,123.475
166,1139.181,913.251,731.797,88,0,1098,122.753
145,1112.793,915.111,734.575,87,0,1099,122.067
149,1131.181,913.954,733.092,86,0,1100,120.988
324,1114.654,904.423,720.409,85,0,1101,121.408
287,1114.233,904.576,719.961,84,0,1102,121.637
309,1122.987,905.285,720.869,83,0,1103,121.584
260,1123.908,904.96,720.766,82,0,1104,122.28
263,1133.057,905.196,721.019,81,0,1105,121.402
249,1157.277,904.687,720.417,80,0,1106,121.443
255,1134.125,905.205,721.026,79,0,1107,121.24
242,1130.769,904.525,720.244,78,0,1108,121.072
244,1130.475,904.044,719.513,77,0,1109,122.395
223,1135.049,903.47,718.534,76,0,1110,121.734
209,1141.522,903.654,718.826,75,0,1111,121.148
209,1142.842,903.205,717.978,74,0,1112,122.141
208,1115.01,903.205,718.16,73,0,1113,120.763
202,1127.926,903.174,718.281,72,0,1114,118.903
210,1117.157,903.067,718.521,71,0,1115,121.552
200,1110.99,902.885,718.359,70,0,1116,120.628
193,1105.109,902.772,719.259,69,0,1117,121.967
186,1100.167,903.346,719.036,68,0,1118,120.212
188,1084.766,903.168,719.033,67,0,1119,122.024
187,1096.364,903.102,719.335,66,0,750,120.111
411,1318.041,933.351,734.205,119,0,1121,127.393
373,1332.054,933.818,734.222,118,0,1122,129.475
359,1325.312,932.837,733.27,117,0,1123,128.185
336,1314.991,932.425,733.411,116,0,1124,126.864
314,1319.14,931.045,732.331,115,0,1125,127.264
332,1295.88,930.519,733.283,114,0,1126,127.502
306,1280.359,930.053,732.482,113,0,1127,127.343
299,1276.883,929.53,731.755,112,0,1128,127.154
277,1265.357,928.706,731.263,111,0,1129,126.433
274,1239.785,927.55,730.333,110,0,1130,126.334
257,1225.233,926.762,729.025,109,0,1131,125.37
245,1210.053,926.515,729.593,108,0,1132,124.968
235,1204.102,925.255,728.333,107,0,1133,125.202
230,1209.543,925.231,728.45,106,0,1134,125.602
229,1205.934,924.875,727.658,105,0,1135,124.663
223,1198.381,924.326,727.817,104,0,1136,126.728
202,1174.252,924.463,727.389,103,0,1137,124.326
204,1163.431,924.528,726.601,102,0,1138,125.377
194,1167.68,924.179,726.628,101,0,1139,125.275
399,1190.183,912.494,716.462,100,0,1140,123.03
368,1173.628,912.434,716.304,99,0,1141,123.901
364,1171.025,912.668,716.385,98,0,1142,123.754
345,1165.07,912.268,715.146,97,0,1143,125.294
324,1165.802,913.231,715.419,96,0,1144,125.505
321,1151.318,912.97,715.243,95,0,1145,125.078
316,1153.411,913.649,714.397,94,0,1146,123.125
299,1161.211,913.768,714.471,93,0,1147,124.016
290,1149.269,914.671,715.951,92,0,1148,123.598
282,1114.979,913.842,714.836,91,0,1149,124.412
285,1114.761,913.504,714.09,90,0,1150,124.653
280,1104.661,914.791,716.172,89,0,1151,123.475
263,1088.008,914.313,714.367,88,0,1152,122.753
252,1100.29,915.783,715.62,87,0,1153,122.067
233,1094.159,916.133,715.552,86,0,1154,120.988
216,1111.935,917.091,716.8,85,0,1155,121.408
214,1096.565,916.886,716.185,84,0,1156,121.637
197,1098.827,917.356,717.355,83,0,1157,121.584
190,1122.758,917.254,717.812,82,0,1158,122.28
174,1115.983,916.595,716.862,81,0,216,121.402
342,1429.357,933.107,708.026,119,0,1160,127.393
338,1446.382,932.496,708.021,118,0,1161,129.475
323,1446.26,931.655,706.617,117,0,1162,128.185
297,1418.387,930.996,706.809,116,0,1163,126.864
287,1423.174,930.09,706.279,115,0,1164,127.264
275,1405.578,930.142,707.827,114,0,1165,127.502
285,1383.446,930.001,708.01,113,0,1166,127.343
271,1352.21,929.262,706.526,112,0,1167,127.154
263,1343.289,928.346,705.852,111,0,1168,126.433
259,1314.502,926.214,705.144,110,0,1169,126.334
247,1303.899,924.406,703.308,109,0,1170,125.37
228,1292.202,922.783,702.203,108,0,1171,124.968
230,1269.23,920.513,699.422,107,0,1172,125.202
227,1275.167,918.83,698.794,106,0,1173,125.602
211,1284.365,917.653,699.158,105,0,1174,124.663
343,1327.831,913.849,690.164,104,0,1175,126.728
329,1302.374,913.674,690.143,103,0,1176,124.326
332,1323.825,914.169,691.077,102,0,1177,125.377
317,1310.975,914.432,691.782,101,0,1178,125.275
303,1337.782,914.231,692.346,100,0,1179,123.03
301,1311.688,914.193,692.278,99,0,1180,123.901
299,1315.602,914.032,692.753,98,0,1181,123.754
297,1291.29,913.541,691.951,97,0,1182,125.294
294,1275.112,912.913,690.962,96,0,1183,125.505
291,1253.591,913.353,691.718,95,0,1184,125.078
274,1236.401,912.882,690.033,94,0,1185,123.125
267,1226.487,912.851,689.796,93,0,1186,124.016
260,1220.431,913.408,690.977,92,0,1187,123.598
252,1185.063,912.921,690.159,91,0,1188,124.412
245,1199.682,912.025,689.135,90,0,1189,124.653
250,1180.944,912.461,689.966,89,0,1190,123.475
239,1176.506,911.697,687.685,88,0,1191,122.753
207,1213.831,911.786,687.317,87,0,1192,122.067
199,1217.633,911.199,686.63,86,0,510,120.988
258,1769.26,930.955,680.554,119,0,1194,127.393
245,1806.71,930.743,680.889,118,0,1195,129.475
235,1768.349,930.008,680.133,117,0,1196,128.185
227,1765.881,929.777,680.386,116,0,1197,126.864
220,1714.805,929.409,679.935,115,0,1198,127.264
216,1711.056,929.424,681.15,114,0,1199,127.502
222,1665.613,929.167,680.519,113,0,1200,127.343
209,1637.699,927.968,678.88,112,0,1201,127.154
209,1607.565,927.479,677.932,111,0,1202,126.433
202,1585.936,925.806,677.166,110,0,1203,126.334
208,1570.846,924.859,675.735,109,0,1204,125.37
194,1549.263,924.726,676.346,108,0,1205,124.968
406,1555.586,917.686,662.294,107,0,1206,125.202
398,1568.902,917.32,662.129,106,0,1207,125.602
377,1580.17,917.022,662.473,105,0,1208,124.663
366,1595.937,916.657,662.659,104,0,1209,126.728
361,1573.898,916.388,662.266,103,0,1210,124.326
342,1589.588,916.083,661.961,102,0,1211,125.377
329,1582.237,915.811,661.971,101,0,1212,125.275
334,1583.844,915.58,662.329,100,0,1213,123.03
328,1535.619,915.409,661.944,99,0,1214,123.901
324,1529.136,915.517,662.728,98,0,1215,123.754
322,1499.149,914.793,661.359,97,0,1216,125.294
322,1493.932,914.865,661.276,96,0,1217,125.505
314,1479.822,914.784,661.812,95,0,1218,125.078
308,1449.523,914.206,660.45,94,0,1219,123.125
309,1413.547,914.215,660.075,93,0,1220,124.016
314,1402.975,914.71,661.477,92,0,1221,123.598
299,1338.127,914.473,661.402,91,0,1222,124.412
307,1323.788,914.032,660.002,90,0,1223,124.653
311,1284.1,915.054,661.478,89,0,1224,123.475
309,1254.074,914.01,659.665,88,0,1225,122.753
292,1258.442,914.429,660.262,87,0,1226,122.067
291,1244.326,914.124,660.211,86,0,1227,120.988
276,1248.007,915.182,661.742,85,0,1228,121.408
270,1223.1,914.479,660.583,84,0,1229,121.637
276,1185.435,914.269,659.904,83,0,1230,121.584
260,1185.327,913.914,660.042,82,0,1231,122.28
262,1147.492,913.485,658.668,81,0,1232,121.402
253,1167.257,913.63,659.047,80,0,1233,121.443
259,1099.332,913.564,658.968,79,0,1234,121.24
257,1066.132,913.439,658.71,78,0,1235,121.072
248,1072.685,913.328,657.918,77,0,1236,122.395
236,1073.449,912.967,657.385,76,0,1237,121.734
229,1061.07,912.829,657.23,75,0,1238,121.148
221,1072.05,912.565,656.448,74,0,104,122.141
275,1725.084,914.793,650.574,119,0,1240,127.393
260,1758.735,915.135,650.851,118,0,1241,129.475
257,1727.591,914.946,650.287,117,0,1242,128.185
253,1707.601,914.96,651.08,116,0,1243,126.864
252,1681.532,914.833,650.708,115,0,1244,127.264
250,1657.236,915.064,652.039,114,0,1245,127.502
244,1645.209,915.014,651.277,113,0,1246,127.343
237,1614.827,914.478,650.77,112,0,1247,127.154
247,1577.494,914.418,650.984,111,0,1248,126.433
238,1562.811,913.839,650.741,110,0,1249,126.334
219,1553.292,913.391,650.739,109,0,1250,125.37
221,1535.326,913.432,652.432,108,0,1205,124.968
257,1408.183,891.846,642.437,119,0,1252,127.393
244,1433.811,893.495,645.258,118,0,1253,129.475
232,1411.565,894.032,645.896,117,0,1254,128.185
238,1401.16,894.39,647.385,116,0,1255,126.864
219,1386.068,895.071,647.293,115,0,1256,127.264
217,1381.161,896.333,649.672,114,0,1257,127.502
212,1368.245,897.316,648.632,113,0,1258,127.343
199,1351.146,897.798,647.345,112,0,1259,127.154
198,1344.485,897.618,648.337,111,0,1260,126.433
193,1321.782,897.276,647.184,110,0,1261,126.334
178,1322.157,896.999,646.641,109,0,1262,125.37
182,1320.511,897.111,647.706,108,0,1263,124.968
169,1319.432,896.293,646.616,107,0,1264,125.202
155,1328.832,896.323,647.722,106,0,1265,125.602
150,1346.173,896.578,649.119,105,0,491,124.663
292,1239.726,870.76,667.652,119,0,1267,127.393
294,1252.932,873.207,671.461,118,0,1268,129.475
277,1247.975,874.546,672.893,117,0,1269,128.185
267,1251.019,875.592,675.101,116,0,1270,126.864
261,1225.751,876.492,677.61,115,0,1271,127.264
267,1226.981,877.667,678.166,114,0,1272,127.502
249,1201.06,878.462,678.254,113,0,1273,127.343
252,1216.238,878.433,680.523,112,0,1274,127.154
227,1203.441,879.141,682.133,111,0,1275,126.433
223,1193.776,879.128,681.175,110,0,1276,126.334
211,1175.72,879.126,681.983,109,0,1277,125.37
193,1156.554,879.713,685.345,108,0,1278,124.968
191,1162.005,879.147,685.282,107,0,1279,125.202
189,1158.28,880.45,685.112,106,0,1280,125.602
180,1130.028,880.328,685.179,105,0,1281,124.663
168,1146.036,880.814,684.825,104,0,1282,126.728
164,1119.195,881.48,684.572,103,0,1283,124.326
163,1118.656,881.946,683.092,102,0,1284,125.377
153,1124.706,882.204,682.284,101,0,1285,125.275
259,1145.683,882.911,695.412,100,0,1286,123.03
258,1130.566,883.483,694.085,99,0,1287,123.901
245,1126.445,884.223,695.997,98,0,1288,123.754
223,1121.816,884.588,695.944,97,0,1289,125.294
232,1118.578,885.125,696.083,96,0,1290,125.505
223,1106.197,886.164,698.442,95,0,1291,125.078
214,1101.673,886.76,698.549,94,0,1292,123.125
207,1102.71,887.881,700.835,93,0,1293,124.016
195,1108.179,888.621,702.602,92,0,1294,123.598
186,1087.21,888.264,702.767,91,0,1295,124.412
178,1084.545,887.111,702.262,90,0,1296,124.653
137,1091.708,889.89,708.417,89,0,1297,123.475
168,1082.357,888.753,704.989,88,0,1298,122.753
190,1090.089,892.606,704.612,87,0,1299,122.067
181,1087.387,893.813,706.27,86,0,1100,120.988
347,1451.977,868.213,638.407,119,0,1301,127.393
342,1454.494,870.305,641.098,118,0,1302,129.475
335,1444.851,870.79,642.158,117,0,1303,128.185
339,1418.584,871.191,644.308,116,0,1304,126.864
341,1400.569,871.161,646.294,115,0,1305,127.264
336,1384.738,871.199,648.483,114,0,1306,127.502
350,1344.086,870.959,648.518,113,0,1307,127.343
336,1337.458,871.177,647.816,112,0,1308,127.154
332,1325.997,871.413,648.792,111,0,1309,126.433
327,1299.352,871.504,647.828,110,0,1310,126.334
331,1280.77,871.38,648.045,109,0,1311,125.37
321,1254.607,871.307,649.784,108,0,1312,124.968
322,1253.398,870.484,649.181,107,0,1313,125.202
312,1236.09,870.378,650.879,106,0,1314,125.602
298,1234.859,870.246,651.764,105,0,1315,124.663
287,1208.146,870.464,652.311,104,0,1316,126.728
283,1180.894,870.277,653.142,103,0,1317,124.326
272,1162.482,870.735,652.815,102,0,1318,125.377
262,1150.527,870.934,653.658,101,0,1319,125.275
263,1140.365,871.323,654.804,100,0,1320,123.03
246,1137.264,871.255,655.916,99,0,1321,123.901
225,1132.538,871.371,656.422,98,0,1322,123.754
227,1132.458,871.443,657.158,97,0,1323,125.294
217,1137.041,871.933,657.88,96,0,1324,125.505
216,1131.194,872.615,660.594,95,0,1325,125.078
206,1127.005,872.613,660.056,94,0,1326,123.125
200,1120.345,873.593,662.483,93,0,1327,124.016
193,1127.342,875.138,665.079,92,0,1328,123.598
195,1110.579,875.891,666.038,91,0,1329,124.412
187,1111.519,875.583,666.917,90,0,1330,124.653
183,1104.902,877.388,668.57,89,0,1331,123.475
182,1099.385,877.594,668.144,88,0,1332,122.753
179,1112.218,878.481,669.727,87,0,310,122.067
417,1462.624,856.712,689.222,119,0,1334,127.393
396,1491.429,858.9,691.248,118,0,1335,129.475
394,1474.33,859.964,691.743,117,0,1336,128.185
376,1480.769,860.819,693.023,116,0,1337,126.864
363,1476.14,861.259,693.631,115,0,1338,127.264
346,1502.957,862.189,695.374,114,0,1339,127.502
344,1512.988,863.914,695.872,113,0,1340,127.343
323,1488.195,864.534,695.329,112,0,1341,127.154
317,1476.722,865.394,695.575,111,0,1342,126.433
306,1452.386,865.523,695.019,110,0,1343,126.334
308,1454.779,865.176,694.782,109,0,1344,125.37
308,1417.701,865.643,695.826,108,0,1779,124.968
546,331.425,814.564,681.823,107,0,0,125.202
534,310.779,976.261,668.882,106,0,0,125.602
317,1232.129,842.283,685.402,119,0,1348,127.393
314,1222.054,844.638,686.322,118,0,1349,129.475
312,1185.84,845.098,685.476,117,0,1350,128.185
308,1175.049,845.866,686.699,116,0,1351,126.864
301,1151.837,846.126,686.627,115,0,1352,127.264
270,1165.07,847.48,688.377,114,0,1353,127.502
265,1167.045,849.594,689.347,113,0,1354,127.343
260,1177.565,851.124,689.251,112,0,1355,127.154
252,1184.095,852.083,689.85,111,0,1777,126.433
192,1140.703,832,695.969,119,0,1357,127.393
210,1120.295,832.806,697.265,118,0,1358,129.475
216,1080.37,832.963,697.312,117,0,1359,128.185
400,1147.518,839.367,710.896,116,0,1360,126.864
383,1143.057,839.672,710.131,115,0,1361,127.264
387,1137.721,840.403,711.359,114,0,1362,127.502
374,1126.027,840.66,710.166,113,0,1363,127.343
383,1098.399,840.295,709.503,112,0,1364,127.154
374,1100.834,840.712,709.528,111,0,1365,126.433
384,1092.44,840.769,708.612,110,0,1366,126.334
358,1107.821,841.141,708.695,109,0,1367,125.37
362,1086.793,842.159,709.302,108,0,1368,124.968
347,1084.986,842.741,707.083,107,0,1369,125.202
354,1087.898,844.084,706.218,106,0,1370,125.602
339,1091.094,844.985,706.045,105,0,1371,124.663
343,1100.638,846.131,706.656,104,0,1372,126.728
347,1063.13,846.741,706.101,103,0,1373,124.326
354,1042.271,847.895,705.559,102,0,1374,125.377
347,1024.063,848.996,705.427,101,0,1375,125.275
335,1032.301,850.174,705.58,100,0,1376,123.03
329,1030.854,850.885,705.26,99,0,1377,123.901
319,1010.157,852.218,705.682,98,0,1378,123.754
303,1000.264,852.814,704.44,97,0,1379,125.294
310,1001.645,853.42,703.877,96,0,1380,125.505
288,1003.021,854.347,703.853,95,0,1381,125.078
290,986.203,854.362,702.377,94,0,1382,123.125
283,983.59,855.171,702.417,93,0,1383,124.016
256,996.961,856.607,703.685,92,0,1384,123.598
460,1044.857,862.744,717.716,91,0,1385,124.412
425,1056.231,862.544,716.27,90,0,1386,124.653
414,1063.481,864.34,718.712,89,0,1387,123.475
389,1066.257,864.033,716.684,88,0,1388,122.753
380,1078.168,864.622,716.913,87,0,1389,122.067
365,1071.26,864.523,715.076,86,0,1390,120.988
363,1069.81,865.509,715.215,85,0,1391,121.408
354,1078.525,866.018,713.665,84,0,1392,121.637
333,1099.868,866.89,712.952,83,0,1393,121.584
331,1096.139,867.608,712.483,82,0,1394,122.28
329,1086.894,867.768,711.064,81,0,1395,121.402
317,1115.41,868.196,710.556,80,0,1396,121.443
321,1066.863,868.372,710.419,79,0,1397,121.24
312,1046.282,868.606,710.153,78,0,1398,121.072
307,1055.524,868.979,709.532,77,0,1399,122.395
302,1058.603,869.107,708.67,76,0,1400,121.734
296,1044.926,869.215,708.505,75,0,1401,121.148
299,1026.154,869.104,707.619,74,0,1402,122.141
273,1057.879,869.523,706.955,73,0,1403,120.763
288,1035.306,869.552,705.949,72,0,1404,118.903
257,1062.798,869.812,705.065,71,0,1405,121.552
261,1038.962,870.275,704.93,70,0,1406,120.628
256,1059.016,870.926,705.018,69,0,1407,121.967
236,1075.619,871.265,703.028,68,0,1408,120.212
230,1070.283,871.534,701.277,67,0,383,122.024
335,1113.418,824.165,709.757,119,0,1410,127.393
327,1122.664,825.482,711.677,118,0,1411,129.475
305,1090.574,825.745,712.528,117,0,1412,128.185
288,1097.556,827.641,715.29,116,0,1413,126.864
273,1106.557,829.566,717.97,115,0,1414,127.264
262,1092.042,831.254,721.299,114,0,1415,127.502
512,1144.77,842.779,737.961,113,0,1416,127.343
478,1143.967,843.473,737.631,112,0,1417,127.154
452,1135.407,844.542,738.24,111,0,1418,126.433
441,1132.132,845.392,738.348,110,0,1419,126.334
415,1142.393,846.19,739.108,109,0,1420,125.37
407,1130.015,848.047,740.856,108,0,1421,124.968
386,1140.715,849.401,740.604,107,0,1422,125.202
385,1158.969,852.008,742.048,106,0,1423,125.602
350,1171.034,854.369,742.947,105,0,1424,124.663
331,1195.489,859.108,745.748,104,0,1425,126.728
318,1195.645,863.204,746.75,103,0,1426,124.326
321,1183.336,865.71,746.831,102,0,1427,125.377
317,1185.883,867.987,745.447,101,0,1428,125.275
292,1211.199,868.776,743.771,100,0,1429,123.03
266,1195.688,868.616,741.392,99,0,1430,123.901
249,1222.048,869.002,740.877,98,0,1431,123.754
226,1210.535,868.065,737.665,97,0,1432,125.294
210,1197.633,867.987,735.784,96,0,1433,125.505
209,1171.01,867.675,734.633,95,0,1434,125.078
202,1176.723,868.038,732.755,94,0,1435,123.125
195,1152.764,868.422,732.984,93,0,1436,124.016
200,1140.115,868.244,732.381,92,0,1384,123.598
306,1042.056,819.795,732.003,119,0,1438,127.393
297,1050.017,821.542,733.627,118,0,1439,129.475
292,1018.877,822.285,733.902,117,0,1440,128.185
273,1000.788,823.473,734.853,116,0,1441,126.864
526,1033.036,833.532,749,115,0,1442,127.264
492,1042.628,834.515,750.606,114,0,1443,127.502
467,1025.657,835.201,750.53,113,0,1444,127.343
436,1012.592,835.686,749.741,112,0,1445,127.154
421,1019.038,836.531,749.501,111,0,1446,126.433
398,1013.583,836.958,748.944,110,0,1447,126.334
386,1009.979,837.821,749.692,109,0,1448,125.37
367,995.826,839.089,750.704,108,0,1449,124.968
359,996.078,839.154,748.693,107,0,1450,125.202
335,996.537,840.742,748.938,106,0,1451,125.602
337,990.401,842.597,748.935,105,0,1452,124.663
315,986.321,844.546,748.224,104,0,1453,126.728
323,972.625,847.285,747.5,103,0,1454,124.326
299,979.753,849.927,747.218,102,0,933,125.377
267,1168.206,840.736,761.262,119,0,1456,127.393
268,1168.28,842.079,762.306,118,0,1457,129.475
248,1129.165,842.076,761.919,117,0,1458,128.185
244,1092.82,841.622,761.718,116,0,1441,126.864
280,1242.164,848.077,749.938,119,0,1460,127.393
262,1256.637,849.258,750.554,118,0,1461,129.475
265,1239.343,849.084,750.057,117,0,1462,128.185
249,1230.124,850.171,751.724,116,0,1463,126.864
248,1213.077,851.141,752.301,115,0,1464,127.264
250,1216.348,852.182,753.543,114,0,1415,127.502
182,1290.984,844.866,726.751,119,0,1466,127.393
179,1294.547,845.661,726.337,118,0,1467,129.475
177,1274.65,845.094,724.302,117,0,1359,128.185
350,1529.574,865.761,737.722,119,0,1469,127.393
344,1538.09,865.918,738.637,118,0,1470,129.475
341,1526.622,864.581,737.362,117,0,1471,128.185
337,1528.083,864.301,737.127,116,0,1472,126.864
327,1523.297,863.924,736.35,115,0,1473,127.264
313,1537.917,863.98,736.916,114,0,1474,127.502
294,1549.133,863.933,736.274,113,0,1475,127.343
286,1522.031,863.332,734.337,112,0,1476,127.154
271,1527.148,863.448,733.971,111,0,1477,126.433
266,1488.353,863.054,732.438,110,0,1478,126.334
274,1466.799,862.962,731.969,109,0,1479,125.37
260,1460.019,863.528,731.925,108,0,1807,124.968
317,1563.58,886.566,764.959,119,0,1481,127.393
323,1555.647,887.353,765.397,118,0,1482,129.475
307,1536.609,886.429,763.889,117,0,1483,128.185
301,1520.781,885.616,762.73,116,0,1484,126.864
299,1501.365,885.129,761.537,115,0,1485,127.264
296,1505.007,884.874,762.347,114,0,1486,127.502
287,1493.167,885.112,761.763,113,0,1487,127.343
282,1477.582,883.667,760.128,112,0,1488,127.154
267,1479.948,883.095,759.859,111,0,1489,126.433
249,1489.004,882.606,758.914,110,0,1490,126.334
245,1478.216,882.006,758.532,109,0,987,125.37
364,1761.857,893.545,735.526,119,0,1492,127.393
360,1764.8,894.469,735.978,118,0,1493,129.475
344,1745.456,894.806,735.844,117,0,1494,128.185
339,1732.979,895.716,736.37,116,0,1495,126.864
333,1741.916,896.067,735.975,115,0,1496,127.264
344,1704.285,896.498,737.421,114,0,1497,127.502
325,1733.902,896.602,737.173,113,0,1498,127.343
330,1688.403,896.251,736.196,112,0,1639,127.154
178,1364.315,875.648,727.829,119,0,1500,127.393
203,1381.665,878.384,734.179,118,0,1501,129.475
203,1374.847,878.941,735.758,117,0,1502,128.185
193,1356.964,879.419,736.062,116,0,1503,126.864
192,1347.188,878.991,735.267,115,0,1504,127.264
190,1337.379,879.392,737.617,114,0,1505,127.502
197,1340.497,878.83,736.865,113,0,1506,127.343
196,1294.102,877.626,734.587,112,0,1507,127.154
201,1282.438,877.216,733.376,111,0,1508,126.433
205,1260.444,876.986,731.864,110,0,1509,126.334
202,1237.045,876.519,730.741,109,0,1510,125.37
187,1238.513,876.758,730.104,108,0,1511,124.968
163,1209.693,876.474,726.031,107,0,1512,125.202
147,1218.905,877.118,724.996,106,0,1513,125.602
149,1203.047,877.669,722.598,105,0,1514,124.663
124,1181.419,878.481,718.784,104,0,1515,126.728
117,1167.359,879.104,716.899,103,0,1516,124.326
107,1156.523,880.73,711.946,102,0,1517,125.377
97,1167.67,881.562,712.941,101,0,1285,125.275
357,1305.297,892.178,713.216,119,0,1519,127.393
344,1300.5,893.537,716.067,118,0,1520,129.475
325,1272.898,894.008,716.869,117,0,1521,128.185
341,1267.933,895.007,718.289,116,0,1522,126.864
293,1246.549,894.764,718.023,115,0,1523,127.264
296,1238.902,894.612,719.316,114,0,1524,127.502
268,1229.22,894.866,718.857,113,0,1525,127.343
268,1223.444,896.806,719.212,112,0,1526,127.154
247,1231.291,898.3,719.636,111,0,1527,126.433
236,1216.284,896.774,718.189,110,0,1528,126.334
203,1194.355,895.238,716.846,109,0,1529,125.37
192,1188.667,896.355,717.966,108,0,1530,124.968
176,1222.67,897.594,717.143,107,0,1531,125.202
164,1215.902,896.667,716.939,106,0,1532,125.602
156,1212.244,897.289,717.346,105,0,1533,124.663
133,1214.18,897.676,718.067,104,0,1534,126.728
144,1206.278,899.561,719.477,103,0,1535,124.326
130,1202.546,901.599,721.182,102,0,1536,125.377
137,1201.416,902.111,722.186,101,0,1537,125.275
103,1211.058,904.288,723.528,100,0,1538,123.03
104,1221.125,904.314,723.576,99,0,1539,123.901
92,1203.772,906.667,725.022,98,0,1088,123.754
349,1327.542,892.843,693.564,119,0,1541,127.393
337,1330.312,894.993,696.867,118,0,1542,129.475
323,1323.926,895.637,697.882,117,0,1543,128.185
318,1320.189,895.944,698.189,116,0,1544,126.864
300,1318.077,896.866,699.506,115,0,1545,127.264
283,1300.693,897.186,701.36,114,0,1546,127.502
288,1284.354,897.848,701.993,113,0,1547,127.343
284,1273.739,898.886,702.351,112,0,1548,127.154
271,1261.62,899.176,702.558,111,0,1549,126.433
257,1251.611,898.617,702.544,110,0,1550,126.334
249,1240.378,898.622,703.108,109,0,1551,125.37
249,1226.771,899.348,704.254,108,0,1552,124.968
251,1208.845,898.762,702.771,107,0,1553,125.202
218,1249.862,899.67,703.602,106,0,1554,125.602
199,1241.241,899.108,703.592,105,0,1555,124.663
209,1221.971,898.972,704.349,104,0,1556,126.728
195,1206.882,899.667,704.744,103,0,1557,124.326
200,1204.1,900.14,705.474,102,0,1558,125.377
202,1193.723,900.522,706.085,101,0,1139,125.275
217,1380.147,892.78,672.662,119,0,1560,127.393
201,1397.269,893.386,674.603,118,0,1561,129.475
381,1404.467,902.341,685.6,117,0,1562,128.185
364,1388.209,903.199,686.934,116,0,1563,126.864
348,1402.782,903.225,686.805,115,0,1564,127.264
352,1389.139,902.669,687.673,114,0,1565,127.502
338,1364.441,902.352,686.039,113,0,1566,127.343
330,1347.33,900.851,683.675,112,0,1567,127.154
316,1331.18,900.463,683.001,111,0,1568,126.433
313,1302.693,899.844,681.833,110,0,1569,126.334
316,1296.918,898.846,681.501,109,0,1570,125.37
310,1278.6,898.564,681.461,108,0,1571,124.968
275,1289.851,897.17,679.166,107,0,1572,125.202
273,1285.879,896.688,678.643,106,0,1573,125.602
271,1280.771,895.985,678.517,105,0,1574,124.663
252,1283.048,896.105,679.246,104,0,1575,126.728
251,1283.697,896.086,679.609,103,0,1576,124.326
223,1292.197,896.121,679.958,102,0,1577,125.377
222,1274.41,896.048,680.408,101,0,1578,125.275
210,1255.319,896.233,681.27,100,0,197,123.03
240,1496.271,906.931,666.786,119,0,1580,127.393
241,1506.539,908.01,667.975,118,0,1581,129.475
234,1521.457,908.349,668.619,117,0,1582,128.185
215,1486.442,908.663,669.66,116,0,1583,126.864
213,1491.46,909.291,670.298,115,0,1584,127.264
203,1477.852,910.259,673.436,114,0,1585,127.502
202,1490.792,911.078,674.169,113,0,1586,127.343
194,1460.732,910.798,674.87,112,0,1587,127.154
185,1446.87,910.734,675.704,111,0,1588,126.433
169,1429.722,909.699,674.176,110,0,1589,126.334
172,1425.965,908.459,672.978,109,0,1590,125.37
155,1393.477,908.395,673.353,108,0,1591,124.968
141,1381.922,908.026,672.344,107,0,1592,125.202
140,1397.243,907.612,672.201,106,0,1593,125.602
141,1408.106,907.959,674.287,105,0,1174,124.663
198,1427.217,912.987,698.256,119,0,1595,127.393
175,1416.697,911.661,697.771,118,0,1561,129.475
420,1033.614,890.717,813.937,118,0,1597,129.475
399,1050.496,892.42,812.269,117,0,1598,128.185
405,1023.706,893.749,812.786,116,0,1599,126.864
401,1015.244,893.382,812.368,115,0,1600,127.264
388,1018.616,894.47,813.555,114,0,1601,127.502
385,1014.649,894.907,812.232,113,0,1602,127.343
384,981.341,894.944,811.076,112,0,1603,127.154
391,970.941,896.257,810.404,111,0,1604,126.433
340,1002.103,898.205,807.578,110,0,1605,126.334
642,1080.416,916,800.449,109,0,1606,125.37
628,1095.022,916.165,797.477,108,0,1607,124.968
589,1118.199,915.435,793.255,107,0,1608,125.202
536,1164.951,916.065,790.951,106,0,1609,125.602
522,1172.554,915.851,790.091,105,0,1610,124.663
516,1165.349,916.335,789.691,104,0,1611,126.728
492,1140.047,916.62,788.772,103,0,1612,124.326
484,1123.959,916.858,788.406,102,0,1613,125.377
494,1098.383,916.674,788.597,101,0,1614,125.275
477,1086.346,916.659,788.687,100,0,1615,123.03
467,1089.375,917.216,787.847,99,0,1616,123.901
456,1076.491,918.166,787.97,98,0,1617,123.754
446,1061.298,918.514,786.592,97,0,1618,125.294
416,1078.303,919.323,785.278,96,0,1619,125.505
402,1064.823,920.742,785.318,95,0,1620,125.078
381,1085.801,921.561,783.699,94,0,1621,123.125
361,1094.075,922.773,783.684,93,0,1622,124.016
353,1093.49,923.694,784.223,92,0,1623,123.598
340,1059.112,924.045,784.121,91,0,1624,124.412
342,1041.769,924.043,783.219,90,0,1625,124.653
346,1026.841,925.16,784.664,89,0,1626,123.475
328,1013.259,925.184,783.312,88,0,1627,122.753
313,1016.201,926.161,783.813,87,0,1628,122.067
308,1005.76,926.299,783.23,86,0,1629,120.988
301,1001.442,927.676,784.781,85,0,848,121.408
316,1301.316,936.118,807.751,118,0,1631,129.475
309,1305.505,936.748,806.729,117,0,1632,128.185
295,1296.868,936.965,806.519,116,0,1633,126.864
305,1264.134,936.079,806.051,115,0,1634,127.264
288,1264.747,935.968,806.643,114,0,1635,127.502
290,1249.393,936.113,804.995,113,0,1636,127.343
300,1198.757,935.432,803.378,112,0,1637,127.154
298,1185.403,935.678,802.242,111,0,1638,126.433
285,1168.719,934.943,800.095,110,0,1605,126.334
334,1677.123,896.032,735.563,111,0,1640,126.433
324,1667.34,895.817,735.063,110,0,1641,126.334
637,1673.303,906.584,745.813,109,0,1642,125.37
606,1666.53,906.476,745.942,108,0,1643,124.968
585,1674.475,905.453,744.213,107,0,1644,125.202
557,1713.219,904.984,744.217,106,0,1645,125.602
539,1718.265,905.136,744.575,105,0,1646,124.663
531,1728.011,904.869,744.691,104,0,1647,126.728
508,1698.919,904.271,743.927,103,0,1648,124.326
470,1713.096,904.854,744.127,102,0,1649,125.377
442,1717.287,905.039,744.259,101,0,1650,125.275
437,1740.357,904.592,743.839,100,0,1651,123.03
432,1726.66,903.823,742.895,99,0,1652,123.901
410,1710.507,903.978,743.108,98,0,1653,123.754
405,1697.719,903.187,741.622,97,0,1654,125.294
376,1717.473,903.245,741.606,96,0,1655,125.505
373,1692.705,903.145,741.562,95,0,1656,125.078
370,1716.532,902.3,740.037,94,0,1657,123.125
348,1693.313,902.732,740.521,93,0,1658,124.016
351,1719.484,902.988,741.09,92,0,1659,123.598
347,1654.841,903.091,741.132,91,0,1660,124.412
337,1678.923,902.223,739.817,90,0,1661,124.653
342,1650.877,903.275,741.607,89,0,1662,123.475
325,1635.44,902.594,740.081,88,0,1663,122.753
324,1642.275,903.046,740.805,87,0,1664,122.067
326,1614.276,902.684,740.603,86,0,1665,120.988
321,1593.981,903.266,741.683,85,0,1666,121.408
321,1552.804,902.912,740.546,84,0,1667,121.637
313,1548.313,902.584,740.933,83,0,1668,121.584
315,1565.937,902.79,741.473,82,0,1669,122.28
298,1525.295,902.206,740.609,81,0,1670,121.402
310,1554.674,902.252,740.664,80,0,1671,121.443
308,1479.305,902.226,740.742,79,0,1672,121.24
300,1458.64,902.169,740.945,78,0,1673,121.072
299,1456.709,902.031,740.529,77,0,1674,122.395
313,1416.246,901.786,740.155,76,0,1675,121.734
302,1401.063,901.585,740.089,75,0,1676,121.148
299,1389.358,901.393,739.607,74,0,1677,122.141
283,1374.816,901.129,739.109,73,0,1678,120.763
290,1373.528,900.781,738.976,72,0,1679,118.903
289,1326.021,900.634,738.612,71,0,1680,121.552
280,1298.182,900.374,738.594,70,0,1681,120.628
275,1294.44,900.499,739.299,69,0,1682,121.967
276,1276.975,900.228,738.124,68,0,1683,120.212
268,1264.037,899.921,738.141,67,0,1684,122.024
268,1239.619,899.97,738.169,66,0,1685,120.111
266,1245.395,899.541,737.81,65,0,1686,119.828
260,1189.085,899.952,738.29,64,0,1687,120.062
270,1180.467,899.594,738.456,63,0,1688,121.185
265,1165.913,899.447,737.99,62,0,1689,118.703
267,1125.086,899.55,738.096,61,0,1690,120.048
261,1115,899.309,737.948,60,0,1691,119.42
272,1094.441,899.468,737.907,59,0,1692,119.85
268,1065.743,899.634,738.265,58,0,1693,118.935
278,1024,899.277,738.047,57,0,1694,119.459
274,1009.449,899.127,738.117,56,0,1732,118.612
782,873.746,911.013,758.71,55,0,0,118.332
505,777.525,918.698,771.939,54,0,1697,120.892
479,799.781,918.239,771.666,53,0,1698,117.318
465,800.518,917.796,770.792,52,0,1699,119.146
455,785.945,917.391,770.33,51,0,1700,119.762
445,775.953,916.653,769.371,50,0,1701,118.736
418,800.732,915.945,768.587,49,0,1702,118.167
411,785.62,915.663,768.368,48,0,1703,117.809
389,769.252,914.908,768.315,47,0,1704,118.065
386,784.332,914.304,766.779,46,0,1705,118.751
366,782.156,913.621,765.423,45,0,1706,117.96
359,771.159,913.097,764.734,44,0,1707,117.483
359,782.532,912.646,764.596,43,0,1708,118.266
345,783.8,912.008,763.411,42,0,1709,118.435
331,781.29,911.12,761.108,41,0,1710,120.122
330,788.655,910.877,760.798,40,0,1711,119.015
323,786.26,910.357,759.978,39,0,1712,119.038
305,781.108,909.987,759.034,38,0,1713,116.952
316,762.386,909.444,758.259,37,0,1714,119.019
291,768.67,909.315,757.527,36,0,1715,117.84
518,860.598,902.995,745.72,35,0,1716,117.291
516,842.564,902.971,745.932,34,0,1717,117.182
503,868.815,902.502,744.734,33,0,1718,118.308
497,838.899,902.103,744.088,32,0,1719,117.602
486,833.459,901.822,743.433,31,0,1720,118.327
487,839.513,901.618,742.751,30,0,1721,119.091
450,842.82,901.446,742.64,29,0,1722,118.682
439,869.784,900.694,740.661,28,0,1723,117.747
431,859.993,900.375,740.004,27,0,1724,117.024
421,843.211,900.293,740.109,26,0,1725,118.411
407,863.575,900.149,739.197,25,0,1726,117.161
395,866.185,899.957,739.004,24,0,1727,116.493
393,860.537,899.523,737.923,23,0,1728,116.18
377,872.462,899.454,737.935,22,0,1729,117.547
364,884.217,899.401,737.992,21,0,1730,116.956
343,840.064,899.011,736.829,20,0,1731,118.415
338,891.615,898.443,735.612,19,0,431,117.352
267,1009.397,899.371,738.528,55,0,1733,118.332
263,961.445,899.486,738.519,54,0,1734,120.892
277,988.422,899.343,738.721,53,0,1735,117.318
261,980.912,898.827,737.995,52,0,1736,119.146
272,938.099,898.675,738.232,51,0,1737,119.762
261,945.061,898.412,738.052,50,0,1738,118.736
262,941.473,898.311,737.995,49,0,1739,118.167
260,945.031,898.226,738.071,48,0,1740,117.809
254,933.177,898.128,738.766,47,0,1741,118.065
242,960.335,897.577,738.002,46,0,1742,118.751
245,946.208,897.507,737.064,45,0,1743,117.96
244,937.402,897.672,737.102,44,0,1744,117.483
231,950.234,897.397,737.471,43,0,1745,118.266
234,965.235,897.117,736.822,42,0,1746,118.435
226,934.031,896.893,735.579,41,0,1747,120.122
225,963.04,897.013,735.498,40,0,1748,119.015
213,965.174,896.858,735.541,39,0,1749,119.038
219,949.539,896.676,734.725,38,0,1750,116.952
206,954.723,896.528,734.641,37,0,1751,119.019
216,942.63,896.76,734.503,36,0,1715,117.84
315,1691.076,920.771,759.449,111,0,1753,126.433
285,1664.916,919.729,758.171,110,0,1641,126.334
227,1124.154,856.739,659.081,110,0,1755,126.334
203,1154.236,856.91,658.662,109,0,1756,125.37
421,1163.917,855.238,675.746,108,0,1757,124.968
417,1156.331,855.051,674.003,107,0,1758,125.202
416,1182.209,856.017,673.841,106,0,1759,125.602
397,1188.363,856.168,673.554,105,0,1760,124.663
393,1204.158,856.716,674.737,104,0,1761,126.728
380,1178.882,856.762,673.676,103,0,1762,124.326
378,1181.167,857.284,674.326,102,0,1763,125.377
361,1168.374,857.724,674.223,101,0,1764,125.275
361,1156.313,858.206,674.353,100,0,1765,123.03
356,1138.584,858.366,674.67,99,0,1766,123.901
347,1132.409,858.641,675.033,98,0,1767,123.754
342,1132.056,858.635,674.329,97,0,1768,125.294
323,1136.307,858.693,673.815,96,0,1769,125.505
314,1118.685,859.418,674.312,95,0,1770,125.078
312,1125.176,859.663,672.944,94,0,1771,123.125
307,1110.489,860.438,673.03,93,0,1772,124.016
287,1123.815,861.483,674.765,92,0,1773,123.598
288,1086.656,861.915,674.316,91,0,1774,124.412
282,1096.209,861.636,672.754,90,0,1775,124.653
270,1087.715,863.098,674.458,89,0,1776,123.475
257,1076.16,863.25,673.59,88,0,362,122.753
218,1206.459,852.815,689.943,110,0,1778,126.334
222,1189.653,852.758,687.462,109,0,1756,125.37
290,1422.679,865.674,695.518,107,0,1780,125.202
279,1439.72,866.67,695.845,106,0,1781,125.602
268,1448.481,867.124,695.214,105,0,1782,124.663
493,1467.803,866.519,709.801,104,0,1783,126.728
477,1468.776,867.099,707.319,103,0,1784,124.326
461,1482.143,868.278,706.782,102,0,1785,125.377
445,1464.16,869.086,706.119,101,0,1786,125.275
427,1469.183,870.464,706.008,100,0,1787,123.03
416,1447.743,871.151,705.808,99,0,1788,123.901
407,1432.968,872.098,705.269,98,0,1789,123.754
386,1431.443,872.723,704.435,97,0,1790,125.294
382,1431.01,872.919,703.579,96,0,1791,125.505
362,1411.58,873.465,704.476,95,0,1792,125.078
360,1416.764,873.854,703.719,94,0,1793,123.125
355,1429.197,874.187,704.614,93,0,1794,124.016
342,1430.398,874.746,706.196,92,0,1795,123.598
322,1434.177,874.794,706.368,91,0,1796,124.412
309,1430.722,874.154,705.244,90,0,1797,124.653
302,1429.411,875.095,705.642,89,0,1798,123.475
290,1444.6,874.691,704.279,88,0,1799,122.753
281,1454.868,875.732,704.733,87,0,1800,122.067
275,1456.469,876.241,703.996,86,0,1801,120.988
265,1488.77,877.702,705.088,85,0,1802,121.408
257,1484.681,878.542,703.515,84,0,1803,121.637
243,1502.905,880.084,704.205,83,0,1804,121.584
238,1539.122,880.906,704.7,82,0,1805,122.28
234,1519.47,881.445,703.756,81,0,1806,121.402
222,1555.027,881.776,704.177,80,0,1016,121.443
242,1454.884,863.272,729.336,107,0,1808,125.202
241,1492.797,864.158,728.47,106,0,1809,125.602
235,1482.013,864.561,726.294,105,0,1782,124.663
499,1043.788,894.386,758.457,78,0,1811,121.072
476,1042.718,894.831,758.074,77,0,1812,122.395
464,1023.502,896.03,758.503,76,0,1813,121.734
458,1012.836,896.812,758.813,75,0,1814,121.148
440,1006.773,898.217,759.284,74,0,1815,122.141
417,1014.492,899.402,759.391,73,0,1816,120.763
391,1038.547,901.03,760.083,72,0,1817,118.903
361,1044.105,901.685,760.235,71,0,1818,121.552
348,1015.124,903.031,760.963,70,0,1819,120.628
334,1018.332,903.671,762.107,69,0,1820,121.967
334,1015.65,904.235,761.46,68,0,1821,120.212
333,984.676,904.725,761.685,67,0,1822,122.024
333,960.862,904.826,761.836,66,0,1823,120.111
321,963.704,904.963,761.998,65,0,1824,119.828
318,918.497,905.812,762.09,64,0,1825,120.062
328,912.573,907.241,763.723,63,0,1826,121.185
689,819.705,919.451,773.317,62,0,1827,118.703
639,812.767,919.142,772.989,61,0,1828,120.048
623,809.029,919.494,773.244,60,0,1829,119.42
595,812.587,919.693,773.25,59,0,1830,119.85
582,802.816,919.572,773.098,58,0,1831,118.935
550,804.187,919.323,772.746,57,0,1832,119.459
550,776.518,919.112,772.367,56,0,1833,118.612
505,805.384,918.814,772.174,55,0,1696,118.332
554,847.484,938.26,791.532,78,0,1835,121.072
551,851.087,937.689,790.617,77,0,1836,122.395
521,859.63,936.831,789.934,76,0,1837,121.734
509,854.515,936.246,789.487,75,0,1838,121.148
491,853.424,936.099,789.136,74,0,1839,122.141
473,858.169,935.031,787.93,73,0,1840,120.763
452,870.128,935.071,787.793,72,0,1841,118.903
457,881.258,934.222,786.861,71,0,1842,121.552
442,847.67,933.939,786.533,70,0,1843,120.628
426,837.582,933.887,787.254,69,0,1844,121.967
415,837.535,933.837,786.29,68,0,1845,120.212
410,819.72,933.645,785.996,67,0,1846,122.024
391,801.488,933.376,785.883,66,0,1847,120.111
400,796.62,932.849,785.298,65,0,1848,119.828
388,744.814,932.722,784.973,64,0,1849,120.062
344,758.843,933.497,785.894,63,0,1826,121.185