2944,332.16,793.113,692.048,150,1,40,233.096
321,355.377,761.111,575.835,150,1,187,233.096
263,384.293,773.956,622.028,150,1,292,233.096
301,373.492,785.291,608.898,150,1,339,233.096
254,414.823,788.894,664.377,150,1,355,233.096
265,419.37,800.173,664.099,150,1,376,233.096
322,424.714,803.031,639.586,150,1,441,233.096
286,441.615,817.016,673.977,150,1,527,233.096
311,399.289,833.361,692.206,150,1,542,233.096
287,369.882,847.004,698.285,150,1,610,233.096
371,339.383,868.507,737.602,150,1,652,233.096
362,364.428,856.491,742.868,150,1,660,233.096
413,364.274,855.973,761.524,150,1,680,233.096
321,413.9,825.079,714.13,150,1,726,233.096
277,418.592,811.24,712.221,150,1,745,233.096
297,398,835.841,762.545,150,1,763,233.096
479,367.597,858.273,797.068,150,1,809,233.096
296,352.216,817.693,784.726,150,1,825,233.096
267,379.891,803.22,750.975,150,1,963,233.096
284,391.007,786.737,729.501,150,1,974,233.096
401,427.641,769.939,682.049,150,1,1007,233.096
438,403.804,767.295,710.774,150,1,1017,233.096
314,381.414,757.989,739.783,150,1,1083,233.096
349,346.014,736.997,768.094,150,1,1191,233.096
300,357.397,735.212,741.586,150,1,1199,233.096
246,392.866,737.346,714.601,150,1,1280,233.096
308,366.26,709.005,694.886,150,1,1289,233.096
356,402.989,734.059,697.572,150,1,1320,233.096
260,403.004,726.329,658.646,150,1,1341,233.096
328,425.787,737.458,657.165,150,1,1396,233.096
230,427.339,747.152,681.75,150,1,1452,233.096
246,405.26,750.677,649.218,150,1,1480,233.096
190,404.905,744.823,614.132,150,1,1482,233.096
183,375.699,738.002,584.234,150,1,1515,233.096
386,358.847,720.35,583.712,150,1,1517,233.096
246,378.602,730.709,613.712,150,1,1553,233.096
312,380.628,718.159,626.867,150,1,1565,233.096
273,383.912,709.776,659.452,150,1,1582,233.096
2857,334.967,793.367,692.853,149,0,41,233.375
2772,334.963,793.814,694.237,148,0,42,233.538
2754,336.411,792.542,691.464,147,0,43,233.69
2737,335.264,792.911,692.741,146,0,44,234.044
2681,334.279,792.967,692.959,145,0,45,234.222
2643,331.65,792.465,690.96,144,0,46,233.641
2615,335.296,792.561,692.662,143,0,47,232.533
2538,336.622,792.599,693.207,142,0,48,231.755
2480,336.998,791.885,691.751,141,0,49,232.962
2369,339.249,791.739,691.555,140,0,50,231.973
2268,341.739,790.372,688.613,139,0,51,233.415
2245,340.561,791.594,692.331,138,0,52,232.776
2196,343.626,790.993,691.157,137,0,53,232.96
2100,343.837,790.192,689.594,136,0,54,234.466
2045,345.734,789.204,687.89,135,0,55,234.909
1996,347.471,788.846,686.978,134,0,56,235.186
1940,351.889,788.816,686.721,133,0,57,233.864
1873,353.151,788.408,686.788,132,0,58,234.694
1810,353.765,788.88,687.931,131,0,59,234.191
1726,354.986,788.287,687.063,130,0,60,233.85
1701,352.57,788.403,687.706,129,0,61,233.47
1692,356.582,788.313,687.044,128,0,62,232.537
1629,357.401,787.119,685.056,127,0,63,234.122
1590,360.987,786.92,685.311,126,0,64,233.611
1578,358.874,786.825,685.256,125,0,65,234.298
1564,362.528,786.676,685.59,124,0,66,232.276
1509,362.435,786.513,685.249,123,0,67,233.899
1502,367.037,786.014,684.334,122,0,68,232.79
1475,367.148,786.713,685.987,121,0,69,234.156
1434,370.262,786.38,685.552,120,0,70,233.649
1400,371.576,785.919,684.479,119,0,71,235.171
1357,372.365,785.193,683.296,118,0,72,234.125
1366,371.225,785.469,683.312,117,0,73,233.194
1331,372.055,784.896,683.228,116,0,74,232.599
1316,375.714,784.663,682.713,115,0,75,234.674
1260,375.782,784.846,683.296,114,0,76,234.323
1257,380.265,785.325,684.98,113,0,77,234.549
1209,384.775,785.26,684.958,112,0,78,235.316
1174,381.775,784.952,683.98,111,0,79,234.734
1128,384.575,785.54,685.554,110,0,80,233.112
1114,383.18,784.719,684.255,109,0,81,235
1086,391.933,784.351,682.854,108,0,82,235.557
1025,390.467,783.768,681.977,107,0,83,234.636
998,396.784,784.269,683.757,106,0,84,235.65
974,396.617,783.758,682.919,105,0,85,234.833
948,401.538,783.728,682.814,104,0,86,235.797
949,400.624,783.582,682.395,103,0,87,234.628
920,400.187,783.722,682.708,102,0,88,235.187
902,400.656,783.66,682.499,101,0,89,235.297
890,400.197,782.799,681.054,100,0,90,237.137
881,395.069,782.733,680.704,99,0,91,236.884
867,398.964,782.461,680.378,98,0,92,234.976
844,401.981,782.397,680.592,97,0,93,236.841
820,403.187,782.092,680.073,96,0,94,235.973
808,399.428,782.011,680.391,95,0,95,236.565
784,403.38,782.087,680.478,94,0,96,238.41
755,401.816,781.296,678.934,93,0,97,238.204
745,407.306,781.841,680.671,92,0,98,238.21
721,408.857,782.052,678.646,91,0,99,236.783
704,409.109,781.421,680.266,90,0,100,237.649
701,405.215,781.245,679.952,89,0,101,238.02
669,405.931,780.877,679.664,88,0,102,238.009
651,407.551,780.709,679.624,87,0,103,239.45
649,411.721,780.542,679.439,86,0,104,237.448
609,406.21,780.64,679.459,85,0,105,238.961
598,406.169,780.425,678.253,84,0,106,237.268
593,407.858,779.999,678.14,83,0,107,238.022
580,403.812,779.805,678.229,82,0,108,239.02
578,405.64,779.844,678.306,81,0,109,238.591
556,409.441,779.887,678.315,80,0,110,239.649
548,412.369,779.902,678.555,79,0,111,239.599
546,409.165,779.465,677.961,78,0,112,240.039
538,404.115,779.487,677.845,77,0,113,240.036
520,409.337,779.855,678.547,76,0,114,239.571
510,410.202,779.548,678.049,75,0,115,240.229
502,409.669,779.43,677.927,74,0,116,239.417
492,400.886,779.051,677.252,73,0,117,240.981
477,399.816,779.651,677.882,72,0,118,240.331
484,402.979,779.284,677.695,71,0,119,242.066
460,402.841,779.183,677.425,70,0,120,241.027
469,402.407,778.977,677.02,69,0,121,242.718
456,394.868,779.451,677.744,68,0,122,241.663
441,393.857,779.625,678,67,0,123,241.457
437,398.405,779.218,677.358,66,0,124,243.071
434,394.555,779.412,677.511,65,0,125,243.302
433,388.672,779.149,677.676,64,0,126,243.971
424,391.259,779.006,677.461,63,0,127,244.136
426,386.425,779.21,677.973,62,0,128,245.257
417,383.336,778.861,677.648,61,0,129,245.678
406,385.675,778.705,677.294,60,0,130,246.58
386,387.225,778.647,677.195,59,0,131,246.22
380,387.776,778.398,677.033,58,0,132,247.496
378,391.635,778.547,677.284,57,0,133,247.552
373,382.426,778.989,677.602,56,0,134,247.754
362,386.644,778.985,677.626,55,0,135,248.177
357,387.056,778.86,677.258,54,0,136,247.597
364,384.874,779.304,677.217,53,0,137,247.559
356,377.228,778.855,677.22,52,0,138,247.417
347,386.778,778.912,677.143,51,0,139,247.837
335,381.684,779.103,677.433,50,0,140,249.125
336,381.738,779.125,677.558,49,0,141,249.619
325,386.12,779.022,677.451,48,0,142,250.564
306,381.788,779.225,677.569,47,0,143,250.732
313,380.543,779.81,677.841,46,0,144,252.14
304,384.819,780.489,678.408,45,0,145,252.578
301,381.15,780.394,678.44,44,0,146,251.795
293,376.744,780.45,678.153,43,0,147,253.789
285,386.095,781.162,678.757,42,0,148,254.336
281,388.299,783.09,679.716,41,0,149,253.952
279,382.767,782.136,679.654,40,0,150,253.656
264,378.818,782.261,679.543,39,0,151,255.606
246,397.898,782.238,679.462,38,0,152,255.551
241,389.349,783.355,680.445,37,0,153,256.316
243,396.852,783.397,680.672,36,0,154,256.725
517,384.721,798.418,688.478,35,0,155,258.76
503,385.539,798.047,688.557,34,0,156,258.644
504,388.792,797.506,688.226,33,0,157,258.496
490,392.3,797.475,688.362,32,0,158,260.102
480,391.433,797.758,688.631,31,0,159,262.222
468,390.203,797.568,688.451,30,0,160,261.49
441,389.499,796.932,688.475,29,0,161,263.14
418,393.596,796.951,688.421,28,0,162,263.635
421,392.667,796.098,688.197,27,0,163,265.592
415,386.106,796.106,688.144,26,0,164,266.792
389,395.388,795.976,688.265,25,0,165,266.498
377,393.435,795.116,688.004,24,0,166,267.259
366,398.852,794.645,687.907,23,0,167,269.954
354,398.946,794.757,687.956,22,0,168,270.543
360,409.722,794.171,687.791,21,0,169,271.835
340,402.397,794.225,687.825,20,0,170,273.015
331,405.148,793.159,687.626,19,0,171,274.565
334,409.383,792.39,687.224,18,0,172,276.651
310,407.006,793.287,687.557,17,0,173,276.852
318,408.358,792.744,687.623,16,0,174,279.389
304,406.03,791.439,687.397,15,0,175,280.745
287,421.477,791.139,687.404,14,0,176,283.706
282,407.66,789.823,686.655,13,0,177,283.954
277,415.567,788.776,686.47,12,0,178,286.442
557,405.551,777.471,681.348,11,0,179,286.991
536,409.319,777.032,681.12,10,0,180,289.475
524,414.987,777.049,681.124,9,0,181,290.656
498,415.807,775.248,680.529,8,0,182,294.357
485,419.151,776.338,680.796,7,0,183,296.699
481,425.312,776.267,681.031,6,0,184,299.605
472,437.35,775.239,680.834,5,0,185,302.696
461,437.987,775.285,680.576,4,0,186,306.941
459,444.882,774.916,680.338,3,0,1600,310.757
318,357.55,761.046,575.54,149,0,188,233.375
312,361.808,761.027,576.454,148,0,189,233.538
298,361.268,761.108,577.248,147,0,190,233.69
292,357.312,761.2,578.342,146,0,191,234.044
289,365.17,761.333,579.743,145,0,192,234.222
278,365.18,761.568,579.93,144,0,193,233.641
264,374.186,762.24,583.359,143,0,194,232.533
264,367.288,762.222,583.33,142,0,195,231.755
259,361.471,761.762,582.046,141,0,196,232.962
255,365.953,762.635,584.752,140,0,197,231.973
242,366.083,762.509,585.038,139,0,198,233.415
243,350.63,762.885,586.383,138,0,199,232.776
236,360.818,763.188,587.437,137,0,200,232.96
238,359.29,763.433,588.916,136,0,201,234.466
229,361.183,763.368,589.589,135,0,202,234.909
219,364.416,763.22,589.904,134,0,203,235.186
400,373.02,766.278,600.989,133,0,204,233.864
386,369.873,766.759,602.975,132,0,205,234.694
397,367.605,767.184,603.994,131,0,206,234.191
377,365.09,767.594,605.801,130,0,207,233.85
370,367.192,767.416,606.165,129,0,208,233.47
370,363.354,767.503,606.449,128,0,209,232.537
363,358.84,767.75,607.633,127,0,210,234.122
363,358.317,768.519,609.829,126,0,211,233.611
342,365.129,769.245,612.18,125,0,212,234.298
337,367.81,769.726,614.136,124,0,213,232.276
323,361.173,770.224,616.31,123,0,214,233.899
314,360.067,770.99,618.386,122,0,215,232.79
322,359.366,771.133,619.501,121,0,216,234.156
302,356.682,771.917,621.191,120,0,217,233.649
297,362.481,772.602,623.217,119,0,218,235.171
288,358.031,772.881,624.039,118,0,219,234.125
284,356.06,773.195,625.147,117,0,220,233.194
286,357.804,773.176,626.594,116,0,221,232.599
276,356.156,773.194,626.708,115,0,222,234.674
277,360.455,773.741,628.918,114,0,223,234.323
265,360.136,774.786,631.299,113,0,224,234.549
258,357.453,774.805,631.635,112,0,225,235.316
241,359.278,775.273,632.936,111,0,226,234.734
248,354.786,775.144,633.563,110,0,227,233.112
248,355.093,776.047,635.847,109,0,228,235
222,359.257,775.511,635.189,108,0,229,235.557
222,356.248,776.099,636.696,107,0,230,234.636
215,354.581,777.366,639.542,106,0,231,235.65
217,359.267,777.637,640.891,105,0,232,234.833
211,366.573,777.739,641.653,104,0,233,235.797
214,356.935,778.268,641.583,103,0,234,234.628
372,364.637,783.947,654.885,102,0,235,235.187
364,375.346,784.031,655.269,101,0,236,235.297
362,365.439,783.859,654.82,100,0,237,237.137
338,371.056,784.777,656.097,99,0,238,236.884
328,375.607,785.398,658.016,98,0,239,234.976
322,368.099,785.313,658.218,97,0,240,236.841
313,372.636,785.789,658.945,96,0,241,235.973
301,375.595,786.139,659.653,95,0,242,236.565
295,381.339,786.022,659.746,94,0,243,238.41
279,373.659,785.975,659.37,93,0,244,238.204
292,373.962,786.595,661.3,92,0,245,238.21
274,383.693,787.454,660.559,91,0,246,236.783
266,379.034,787.171,663.045,90,0,247,237.649
257,378.206,787.726,663.872,89,0,248,238.02
249,374.289,787.967,664.442,88,0,249,238.009
262,375.473,788.33,665.438,87,0,250,239.45
250,371.868,788.379,665.351,86,0,251,237.448
240,382.571,788.682,666.133,85,0,252,238.961
438,375.785,796.028,680.277,84,0,253,237.268
435,374.547,795.774,680.058,83,0,254,238.022
412,378.442,795.071,679.298,82,0,255,239.02
402,373.132,794.867,679.034,81,0,256,238.591
398,373.854,794.729,678.448,80,0,257,239.649
382,375.414,794.748,678.434,79,0,258,239.599
382,373.723,793.955,676.995,78,0,259,240.039
361,369.127,794.037,676.748,77,0,260,240.036
363,373.785,794.002,676.468,76,0,261,239.571
342,371.126,794.179,676.79,75,0,262,240.229
332,375.59,794.792,677.573,74,0,263,239.417
312,376.388,794.716,678.053,73,0,264,240.981
310,370.332,794.88,678.109,72,0,265,240.331
297,367.391,795.245,678.995,71,0,266,242.066
293,374.765,795.749,678.968,70,0,267,241.027
287,367.721,796.236,679.614,69,0,268,242.718
289,373.651,796.806,680.05,68,0,269,241.663
268,376.825,797.009,680.217,67,0,270,241.457
259,368.745,797.674,680.529,66,0,271,243.071
260,377.973,798.468,681.456,65,0,272,243.302
244,379.619,799.275,682.763,64,0,273,243.971
592,357.875,816.298,694.022,63,0,274,244.136
585,359.038,817.83,695.295,62,0,275,245.257
563,359.448,817.541,695.53,61,0,276,245.678
544,357.357,817.939,695.752,60,0,277,246.58
521,364.031,817.974,696.094,59,0,278,246.22
505,368.2,818.185,696.374,58,0,279,247.496
487,367.464,817.85,696,57,0,280,247.552
463,369.523,818.263,696.488,56,0,281,247.754
454,369.96,817.463,696.099,55,0,282,248.177
439,372.287,817.95,696.692,54,0,283,247.597
436,378.362,818.542,696.781,53,0,284,247.559
419,383.981,817.076,696.199,52,0,285,247.417
414,380.841,816.897,696.162,51,0,286,247.837
414,386.679,816.509,696.131,50,0,287,249.125
396,383.381,816.438,696.03,49,0,288,249.619
385,384.468,815.503,695.716,48,0,289,250.564
389,380.152,816.08,696.066,47,0,290,250.732
358,381.648,815.574,695.938,46,0,291,252.14
358,383.723,815.541,695.975,45,0,1591,252.578
249,393.285,774.049,624.433,149,0,293,233.375
246,383.293,774.56,626.289,148,0,294,233.538
236,399.661,775.31,628.012,147,0,295,233.69
225,397.418,776.654,630.427,146,0,296,234.044
223,401.668,777.781,632.553,145,0,297,234.222
212,392.703,778.271,632.587,144,0,298,233.641
214,387.916,779.698,636.466,143,0,299,232.533
202,401.832,780.379,637.701,142,0,300,231.755
206,387.568,780.967,638.407,141,0,301,232.962
201,385.299,782.218,641.838,140,0,302,231.973
197,396.188,782.352,642.853,139,0,303,233.415
197,393.736,784.113,646.508,138,0,304,232.776
195,393.646,784.106,646.63,137,0,305,232.96
186,391.71,783.861,646.177,136,0,306,234.466
196,385.923,783.522,645.633,135,0,307,234.909
191,388.073,783.326,644.725,134,0,308,235.186
162,391.907,781.683,641.722,133,0,309,233.864
173,397.347,781.725,643.434,132,0,310,234.694
169,390.497,781.38,643.325,131,0,311,234.191
172,390.285,781.1,644.879,130,0,312,233.85
178,381.837,781.591,645.032,129,0,313,233.47
329,392.088,786.32,656.496,128,0,314,232.537
329,398.857,785.889,656.502,127,0,315,234.122
305,398.341,786.433,658.477,126,0,316,233.611
282,400.723,786.644,659.59,125,0,317,234.298
287,393.777,786.981,660.049,124,0,318,232.276
279,398.986,787.151,660.783,123,0,319,233.899
258,405.605,787.581,661.17,122,0,320,232.79
266,403.609,788.248,662.824,121,0,321,234.156
255,394.769,787.993,661.754,120,0,322,233.649
247,401.676,788.475,663.08,119,0,323,235.171
235,403.14,788.274,662.815,118,0,324,234.125
235,402.387,788.313,662.614,117,0,325,233.194
223,385.892,788.796,664.458,116,0,326,232.599
210,403.871,788.954,664.612,115,0,327,234.674
208,406.625,789.009,664.382,114,0,328,234.323
199,401.372,789.115,665.834,113,0,329,234.549
201,397.647,788.99,666.112,112,0,330,235.316
194,395.541,789.303,666.154,111,0,331,234.734
182,398.478,789.061,666.245,110,0,332,233.112
189,392.042,789.21,666.373,109,0,333,235
178,402.242,789.37,666.301,108,0,334,235.557
173,390.798,789.376,666.235,107,0,335,234.636
167,395.455,789.969,669.164,106,0,336,235.65
156,393.532,790.197,669.305,105,0,337,234.833
162,389.92,790.29,669.519,104,0,338,235.797
155,384.232,789.897,667.959,103,0,234,234.628
296,381.608,783.762,609.08,149,0,340,233.375
305,374.738,783.23,609.698,148,0,341,233.538
274,383.051,781.841,610.539,147,0,342,233.69
278,377.291,780.808,611.998,146,0,343,234.044
242,386.831,779.046,612.64,145,0,344,234.222
248,382.815,778.114,611.975,144,0,345,233.641
226,381.093,777.737,614.57,143,0,346,232.533
220,383.873,777.359,615.09,142,0,347,231.755
234,382.803,775.687,614.346,141,0,348,232.962
216,382.963,774.757,615.599,140,0,349,231.973
213,385.056,774.655,615.776,139,0,350,233.415
203,382.985,772.635,617.259,138,0,351,232.776
199,381.779,772.312,617.64,137,0,352,232.96
196,393.036,772.324,618.401,136,0,353,234.466
183,387.284,771.821,617.88,135,0,354,234.909
190,383.795,771.475,617.155,134,0,203,235.186
253,413.372,789.551,665.877,149,0,356,233.375
251,417.108,789.863,666.661,148,0,357,233.538
236,427.572,790.095,667.103,147,0,358,233.69
227,426.075,789.92,667.152,146,0,359,234.044
230,425.557,790.108,667.989,145,0,360,234.222
230,412.035,790.421,667.653,144,0,361,233.641
212,419.104,790.974,670.42,143,0,362,232.533
201,420.274,790.884,670.434,142,0,363,231.755
201,426.443,790.994,670.188,141,0,364,232.962
198,418.914,791.436,671.833,140,0,365,231.973
184,419.962,791.965,672.633,139,0,366,233.415
183,427.208,792.344,674.805,138,0,367,232.776
184,411.44,792.438,674.352,137,0,368,232.96
186,417.737,791.909,673.565,136,0,369,234.466
171,419.374,791.286,672.499,135,0,370,234.909
167,421.413,790.768,670.762,134,0,371,235.186
185,413.686,790.194,667.968,133,0,372,233.864
169,409.568,790.734,669.444,132,0,373,234.694
167,409.06,791.34,669.672,131,0,374,234.191
169,405.237,791.528,670.536,130,0,375,233.85
155,407.755,791.45,670.553,129,0,313,233.47
250,421.816,800.63,665.161,149,0,377,233.375
237,419.73,801.231,666.44,148,0,378,233.538
239,423.184,801.313,666.937,147,0,379,233.69
246,424.533,802.096,668.745,146,0,380,234.044
221,424.362,802.364,669.41,145,0,381,234.222
214,418.575,802.635,669.443,144,0,382,233.641
213,420.319,803.865,673.216,143,0,383,232.533
218,429.408,804.067,673.714,142,0,384,231.755
208,425.351,804.271,673.757,141,0,385,232.962
199,432.171,805.123,675.976,140,0,386,231.973
206,429.976,805.055,675.317,139,0,387,233.415
192,432.615,805.63,677.142,138,0,388,232.776
187,425.016,805.28,677.654,137,0,389,232.96
188,420.931,804.577,676.264,136,0,390,234.466
208,423.111,804.197,676.729,135,0,391,234.909
212,413.896,804.701,679.71,134,0,392,235.186
203,418.567,804.299,680.865,133,0,393,233.864
196,413.939,804.11,683.618,132,0,394,234.694
372,411.898,809.231,700.017,131,0,395,234.191
371,411.326,809.144,701.161,130,0,396,233.85
361,415.166,809.058,700.818,129,0,397,233.47
340,408.929,808.443,699.814,128,0,398,232.537
331,411.233,808.673,700.898,127,0,399,234.122
318,410.635,808.352,701.269,126,0,400,233.611
325,407.609,808.298,701.091,125,0,401,234.298
297,404.879,808.342,702.197,124,0,402,232.276
293,409.423,808.597,702.773,123,0,403,233.899
267,403.625,808.248,702.539,122,0,404,232.79
270,414.43,807.941,702.279,121,0,405,234.156
268,410.284,807.796,702.606,120,0,406,233.649
245,411.42,807.691,701.917,119,0,407,235.171
243,405.407,807.169,701.062,118,0,408,234.125
232,409.884,806.995,700.625,117,0,409,233.194
226,407.92,806.948,701.211,116,0,410,232.599
208,410.731,806.533,699.929,115,0,411,234.674
215,401.819,806.404,699.613,114,0,412,234.323
206,402.733,806.197,700.264,113,0,413,234.549
208,405.827,805.892,699.378,112,0,414,235.316
184,394.984,805.789,698.733,111,0,415,234.734
185,397.222,806.032,699.989,110,0,416,233.112
176,389.716,805.529,698.232,109,0,417,235
167,388.377,805.251,697.794,108,0,418,235.557
165,388.497,805.204,697.698,107,0,419,234.636
157,392.484,805.34,698.912,106,0,420,235.65
151,390.232,805.045,698.108,105,0,421,234.833
147,390.789,804.46,697.038,104,0,422,235.797
376,363.077,813.762,712.262,103,0,423,234.628
368,364.226,813.34,711.876,102,0,424,235.187
353,367.921,813.269,711.124,101,0,425,235.297
351,361.974,812.852,709.842,100,0,426,237.137
349,361.645,812.471,708.938,99,0,427,236.884
324,367.673,811.944,708.431,98,0,428,234.976
314,362.818,811.478,707.559,97,0,429,236.841
292,366.562,810.421,706.399,96,0,430,235.973
293,365.358,810.066,705.673,95,0,431,236.565
280,378.582,809.628,704.829,94,0,432,238.41
277,376.264,808.726,703.586,93,0,433,238.204
253,379.549,808.625,703.847,92,0,434,238.21
267,381.479,808.925,702.69,91,0,435,236.783
249,364.068,808.223,704.216,90,0,436,237.649
239,382.795,807.571,702.771,89,0,437,238.02
240,369.85,806.455,701.649,88,0,438,238.009
214,375.626,806.007,701.398,87,0,439,239.45
204,385.167,805.448,700.486,86,0,440,237.448
201,382.338,804.615,698.618,85,0,252,238.961
314,422.239,802.097,639.298,149,0,442,233.375
309,424.35,801.878,640.055,148,0,443,233.538
312,417.135,801.724,640.13,147,0,444,233.69
284,429.352,801.107,640.38,146,0,445,234.044
289,417.439,800.085,640.294,145,0,446,234.222
287,412.481,799.993,639.712,144,0,447,233.641
280,411.661,799.735,642.188,143,0,448,232.533
268,419.142,799.625,642.3,142,0,449,231.755
266,410.962,798.802,641.348,141,0,450,232.962
277,400.755,798.261,640.97,140,0,451,231.973
262,406.366,797.764,640.527,139,0,452,233.415
260,404.977,797.429,642.133,138,0,453,232.776
253,407.838,797.819,642.217,137,0,454,232.96
253,409.285,797.942,642.129,136,0,455,234.466
248,389.242,798.119,642.683,135,0,456,234.909
235,396.553,798.856,644.374,134,0,457,235.186
437,417.302,805.499,655.222,133,0,458,233.864
423,416.463,805.655,657.686,132,0,459,234.694
406,419.995,805.45,659.231,131,0,460,234.191
417,416.4,805.42,660.992,130,0,461,233.85
381,419.441,805.309,661.421,129,0,462,233.47
383,415.319,805.292,661.31,128,0,463,232.537
362,417.74,805.078,662.477,127,0,464,234.122
359,418.429,804.397,662.811,126,0,465,233.611
339,425.956,804.056,663.337,125,0,466,234.298
337,419.899,804.153,664.262,124,0,467,232.276
319,418.881,803.679,664.624,123,0,468,233.899
320,424.4,804.221,665.766,122,0,469,232.79
302,430.712,804.358,666.796,121,0,470,234.156
292,428.884,804.527,666.921,120,0,471,233.649
294,421.827,804.71,667.501,119,0,472,235.171
300,416.14,804.773,667.984,118,0,473,234.125
280,421.964,804.59,667.854,117,0,474,233.194
278,420.327,804.563,668.639,116,0,475,232.599
272,418.349,804.598,669.102,115,0,476,234.674
265,410.143,804.235,668.672,114,0,477,234.323
243,413.654,804.386,670.357,113,0,478,234.549
235,421.651,804.663,670.484,112,0,479,235.316
233,408.034,804.691,670.728,111,0,480,234.734
235,409.787,804.542,671.475,110,0,481,233.112
224,406.866,804.173,670.346,109,0,482,235
228,415.539,803.909,670.139,108,0,483,235.557
220,402.873,803.611,669.945,107,0,484,234.636
205,411.824,803.797,671.459,106,0,485,235.65
204,402.593,804.311,672.579,105,0,486,234.833
185,410.811,804.823,673.156,104,0,487,235.797
359,395.827,811.564,685.766,103,0,488,234.628
341,400.501,812.005,687.29,102,0,489,235.187
327,406.037,812.697,688.022,101,0,490,235.297
313,404.479,811.622,686.407,100,0,491,237.137
302,399.887,812.487,687.318,99,0,492,236.884
305,395.702,813.06,688.59,98,0,493,234.976
285,400.523,813.466,689.495,97,0,494,236.841
284,394.549,813.444,689.382,96,0,495,235.973
275,391.913,813.908,689.697,95,0,496,236.565
262,396.305,813.836,689.625,94,0,497,238.41
269,390.271,814.02,689.302,93,0,498,238.204
263,393.494,814.559,690.571,92,0,499,238.21
242,403.785,815.35,689.56,91,0,500,236.783
255,390.651,815.364,691.74,90,0,501,237.649
235,382.813,816.458,692.51,89,0,502,238.02
241,384.075,816.283,692.944,88,0,503,238.009
231,378.1,817.553,694.123,87,0,504,239.45
232,386.129,817.648,694.097,86,0,505,237.448
216,379.315,818.536,694.803,85,0,506,238.961
211,383.777,819.069,693.851,84,0,507,237.268
203,380.335,819.675,694.587,83,0,508,238.022
185,371.541,820.025,694.937,82,0,509,239.02
474,338.884,833.692,703.807,81,0,510,238.591
471,342.242,833.541,703.477,80,0,511,239.649
468,342.4,833.579,703.436,79,0,512,239.599
450,341.88,833.034,703.329,78,0,513,240.039
436,334.122,833.256,703.362,77,0,514,240.036
435,335.584,832.943,703.288,76,0,515,239.571
430,337.97,832.718,703.205,75,0,516,240.229
426,337.31,832.605,703.325,74,0,517,239.417
420,339.245,832.197,703.204,73,0,518,240.981
418,334.77,831.946,702.968,72,0,519,240.331
412,333.505,831.801,702.993,71,0,520,242.066
407,329.671,832.013,703.151,70,0,521,241.027
405,330.272,831.408,702.8,69,0,522,242.718
384,337.281,831.232,702.918,68,0,523,241.663
392,333.214,831.111,702.729,67,0,524,241.457
383,335.927,830.653,702.737,66,0,525,243.071
371,334.536,830.84,702.94,65,0,526,243.302
366,333.115,830.136,702.762,64,0,273,243.971
280,444.489,816.516,672.809,149,0,528,233.375
282,440.681,816.807,673.255,148,0,529,233.538
272,453.743,816.542,673.061,147,0,530,233.69
272,440.772,816.678,672.786,146,0,531,234.044
269,455.937,816.501,672.109,145,0,532,234.222
256,441.445,815.969,670.475,144,0,533,233.641
242,450.723,816.841,673.043,143,0,534,232.533
240,445.333,816.844,672.483,142,0,535,231.755
244,448.848,816.186,671.123,141,0,536,232.962
226,452.398,815.909,671.098,140,0,537,231.973
221,440.104,815.369,669.154,139,0,538,233.415
216,446.25,815.579,669.955,138,0,539,232.776
209,446.627,815.269,670.179,137,0,540,232.96
207,445.884,815.004,669.468,136,0,541,234.466
200,448.66,814.943,669.461,135,0,542,234.909
183,444.087,815.486,669.304,134,0,457,235.186
301,391.684,833.622,692.968,149,0,543,233.375
294,390.085,833.799,693.846,148,0,544,233.538
292,398.027,833.691,694.161,147,0,545,233.69
291,384.052,834.035,694.747,146,0,546,234.044
283,388.265,834.091,695.282,145,0,547,234.222
276,391.957,833.856,694.357,144,0,548,233.641
275,385.855,834.929,697.492,143,0,549,232.533
258,392.849,835.076,699.128,142,0,550,231.755
236,400.682,834.747,698.313,141,0,551,232.962
237,398.025,834.602,698.641,140,0,552,231.973
231,396.004,834.381,698.637,139,0,553,233.415
224,405.214,834.631,700.387,138,0,554,232.776
217,402.493,834.298,701.386,137,0,555,232.96
211,408.597,833.452,701.43,136,0,556,234.466
195,407.882,833.535,701.648,135,0,557,234.909
189,411.688,833.683,701.254,134,0,558,235.186
187,407.332,833.075,699.678,133,0,559,233.864
169,407.302,832.883,699.983,132,0,560,234.694
173,395.832,832.869,699.935,131,0,561,234.191
166,407.277,833.029,700.361,130,0,562,233.85
372,377.22,839.066,714.067,129,0,563,233.47
360,373.272,838.237,712.381,128,0,564,232.537
371,379.725,837.61,711.675,127,0,565,234.122
339,378.015,836.669,710.326,126,0,566,233.611
336,380.711,835.742,708.508,125,0,567,234.298
319,377.887,835.153,706.892,124,0,568,232.276
308,379.156,834.505,705.901,123,0,569,233.899
297,388.239,834.089,705.026,122,0,570,232.79
287,385.303,834.14,704.942,121,0,571,234.156
284,389.729,833.927,704.683,120,0,572,233.649
256,386.734,833.566,703.351,119,0,573,235.171
279,382.351,833.356,702.883,118,0,574,234.125
271,380.904,833.047,701.568,117,0,575,233.194
249,388.502,832.821,701.733,116,0,576,232.599
236,383.301,832.286,699.735,115,0,577,234.674
245,378.829,832.051,699.222,114,0,578,234.323
225,384.809,832.391,699.953,113,0,579,234.549
216,373.329,832.814,699.799,112,0,580,235.316
217,381.945,833.66,699.877,111,0,581,234.734
225,369.249,833.661,699.712,110,0,582,233.112
213,368.31,834.729,700.123,109,0,583,235
228,373.013,835.32,699.847,108,0,584,235.557
490,346.518,846.687,711.175,107,0,585,234.636
479,345.856,847.238,712.779,106,0,586,235.65
470,340.032,847.272,713.166,105,0,587,234.833
466,343.195,846.799,712.665,104,0,588,235.797
460,339.954,846.83,712.209,103,0,589,234.628
428,339.035,846.63,712.156,102,0,590,235.187
435,339.324,846.982,712.705,101,0,591,235.297
410,339.876,846.684,712.082,100,0,592,237.137
418,344.364,846.75,712.222,99,0,593,236.884
392,337.153,846.834,712.621,98,0,594,234.976
394,336.368,846.623,712.616,97,0,595,236.841
406,332.687,846.843,712.831,96,0,596,235.973
372,338.126,846.518,712.372,95,0,597,236.565
372,341.516,846.82,712.697,94,0,598,238.41
369,344.13,846.509,711.844,93,0,599,238.204
373,337.82,846.869,712.839,92,0,600,238.21
363,336.515,846.415,710.533,91,0,601,236.783
345,329.478,846.991,713.2,90,0,602,237.649
355,332.33,846.58,712.774,89,0,603,238.02
344,325.654,846.424,712.702,88,0,604,238.009
327,319.229,846.46,712.664,87,0,605,239.45
326,329.482,846.026,712.191,86,0,606,237.448
304,335.391,846.211,711.98,85,0,607,238.961
299,325.388,846.147,711.44,84,0,608,237.268
293,319.901,845.607,711.251,83,0,609,238.022
280,326.193,844.486,710.635,82,0,509,239.02
276,360.069,846.925,699.218,149,0,611,233.375
270,368.167,847.425,699.667,148,0,612,233.538
266,367.372,846.998,700.303,147,0,613,233.69
263,370.776,847.502,700.091,146,0,614,234.044
246,368.776,847.766,699.857,145,0,615,234.222
265,356.691,848.674,699.323,144,0,616,233.641
255,364.988,849.46,702.92,143,0,617,232.533
250,364.148,849.635,703.305,142,0,618,231.755
541,344.155,858.48,720.898,141,0,619,232.962
542,343.705,858.739,721.261,140,0,620,231.973
536,339.453,858.513,721.245,139,0,621,233.415
523,341.449,858.409,721.832,138,0,622,232.776
508,343.927,858.676,722.64,137,0,623,232.96
502,338.125,858.18,721.968,136,0,624,234.466
483,340.35,857.688,721.146,135,0,625,234.909
471,334.958,857.725,720.906,134,0,626,235.186
453,340.503,856.997,719.098,133,0,627,233.864
454,337.26,857.969,721.375,132,0,628,234.694
440,332.139,857.708,720.856,131,0,629,234.191
445,331.825,858.237,722.336,130,0,630,233.85
429,331.879,857.976,721.616,129,0,631,233.47
451,329.962,857.904,721.194,128,0,632,232.537
421,331.986,857.608,720.897,127,0,633,234.122
421,332.724,857.733,721.721,126,0,634,233.611
414,331.077,857.772,722.001,125,0,635,234.298
413,331.77,858.191,722.639,124,0,636,232.276
390,328.382,857.998,722.908,123,0,637,233.899
379,336.707,857.853,722.451,122,0,638,232.79
364,337.527,857.96,722.575,121,0,639,234.156
349,325.33,858.02,722.692,120,0,640,233.649
366,327.907,857.892,722.893,119,0,641,235.171
344,327.741,858.008,722.967,118,0,642,234.125
332,330.937,858.169,722.51,117,0,643,233.194
320,325.994,857.567,722.743,116,0,644,232.599
313,329,857.382,722.204,115,0,645,234.674
314,338.01,857.537,722.662,114,0,646,234.323
309,330.282,856.984,722.924,113,0,647,234.549
302,328.897,856.623,722.489,112,0,648,235.316
303,332.505,857.252,722.734,111,0,649,234.734
293,332.201,857.033,722.984,110,0,650,233.112
281,330.053,856.678,722.567,109,0,651,235
265,333.709,856.642,721.727,108,0,584,235.557
354,339.912,868.213,737.744,149,0,653,233.375
354,336.41,868.073,737.868,148,0,654,233.538
344,337.904,867.505,736.86,147,0,655,233.69
336,343.562,867.23,736.636,146,0,656,234.044
328,341.354,866.666,736.213,145,0,657,234.222
315,330.59,866.879,735.416,144,0,658,233.641
315,340.663,867.339,738.234,143,0,659,232.533
311,329.196,867.255,737.769,142,0,618,231.755
331,357.532,855.668,741.948,149,0,661,233.375
312,364.625,855.206,741.133,148,0,662,233.538
309,366.469,854.658,740.868,147,0,663,233.69
309,372.094,854.395,740.656,146,0,664,234.044
286,359.997,853.803,740.041,145,0,665,234.222
292,365.798,852.911,738.088,144,0,666,233.641
292,360.205,852.866,740.296,143,0,667,232.533
286,365.773,852.579,739.737,142,0,668,231.755
291,362.127,851.385,737.952,141,0,669,232.962
274,361.19,851.229,738.193,140,0,670,231.973
280,358.643,850.113,736.736,139,0,671,233.415
266,361.064,850.466,738.208,138,0,672,232.776
265,370.596,850.075,737.984,137,0,673,232.96
255,364.384,849.292,736.222,136,0,674,234.466
260,361.608,849.179,736.013,135,0,675,234.909
237,360.262,848.127,734.308,134,0,676,235.186
228,372.311,846.878,731.089,133,0,677,233.864
225,373.124,846.332,730.814,132,0,678,234.694
226,364.823,846.354,730.622,131,0,679,234.191
224,362.866,845.578,729.494,130,0,562,233.85
425,360.096,855.49,760.795,149,0,681,233.375
388,370.433,854.746,759.644,148,0,682,233.538
385,364.265,853.732,758.658,147,0,683,233.69
356,374.882,852.878,757.24,146,0,684,234.044
348,374.994,850.661,754.833,145,0,685,234.222
328,374.966,848.987,752.263,144,0,686,233.641
319,372.671,848.15,753.522,143,0,687,232.533
309,370.731,846.468,751.644,142,0,688,231.755
305,374.636,844.691,749.198,141,0,689,232.962
284,372.465,843.647,748.045,140,0,690,231.973
270,376.596,841.767,745.426,139,0,691,233.415
250,386.404,840.018,743.736,138,0,692,232.776
241,382.365,838.92,741.891,137,0,693,232.96
234,385.303,838.099,739.576,136,0,694,234.466
243,387.07,836.509,737.331,135,0,695,234.909
217,385.806,835.441,734.831,134,0,696,235.186
211,392.014,833.855,730.979,133,0,697,233.864
208,395.577,832.727,729.31,132,0,698,234.694
188,386.08,833.396,729.665,131,0,699,234.191
356,395.753,826.86,715.3,130,0,700,233.85
341,396.938,826.646,714.554,129,0,701,233.47
326,402.632,825.718,712.505,128,0,702,232.537
309,394.055,825.687,712.966,127,0,703,234.122
302,399.212,824.942,712.33,126,0,704,233.611
293,405.894,824.498,711.444,125,0,705,234.298
296,397.828,824.722,711.809,124,0,706,232.276
270,398.763,824.655,712.456,123,0,707,233.899
269,396.543,824.331,711.322,122,0,708,232.79
266,401.741,824.298,711.082,121,0,709,234.156
254,399.996,823.768,710.038,120,0,710,233.649
264,403.413,824.136,710.149,119,0,711,235.171
245,399.763,823.793,709.673,118,0,712,234.125
241,401.008,823.449,708.621,117,0,713,233.194
226,404.752,823.053,708.231,116,0,714,232.599
238,400.584,823.409,707.206,115,0,715,234.674
226,400.429,823.243,706.809,114,0,716,234.323
224,393.929,823.346,707.064,113,0,717,234.549
213,399.484,822.989,706.309,112,0,718,235.316
215,391.833,822.159,705.268,111,0,719,234.734
202,406.416,821.853,704.8,110,0,720,233.112
217,395.134,820.817,703.379,109,0,721,235
211,390.308,820.08,701.506,108,0,722,235.557
200,392.23,819.641,700.577,107,0,723,234.636
195,392.615,818.967,700.031,106,0,724,235.65
185,394.832,819.02,700.637,105,0,725,234.833
179,401.883,819,699.628,104,0,487,235.797
314,416.908,825.067,713.402,149,0,727,233.375
315,414.597,825.1,713.877,148,0,728,233.538
305,410.043,825.192,713.487,147,0,729,233.69
291,412.096,825.504,713.565,146,0,730,234.044
300,405.427,825.082,712.009,145,0,731,234.222
274,400.894,824.745,710.393,144,0,732,233.641
265,407.234,824.83,711.012,143,0,733,232.533
267,398.131,824.738,710.591,142,0,734,231.755
250,408.8,824.649,708.87,141,0,735,232.962
254,403.126,824.763,708.69,140,0,736,231.973
233,405.227,824.259,706.586,139,0,737,233.415
229,417.904,824.409,706.977,138,0,738,232.776
224,405.049,823.705,706.567,137,0,739,232.96
204,403.544,822.626,704.814,136,0,740,234.466
203,415.158,821.956,703.426,135,0,741,234.909
188,412.638,821.874,702.086,134,0,742,235.186
182,411.192,820.657,698.531,133,0,743,233.864
169,414.639,820.282,699.238,132,0,744,234.694
176,410.5,820.344,699.663,131,0,699,234.191
266,421.955,811.273,711.844,149,0,746,233.375
257,419.518,810.93,711.405,148,0,747,233.538
256,418.176,811.33,711.558,147,0,748,233.69
258,420.705,810.843,710.53,146,0,749,234.044
254,413.618,810.274,709.371,145,0,750,234.222
255,412.376,810.075,708.067,144,0,751,233.641
239,416.594,810.445,709.403,143,0,752,232.533
245,408.188,810.277,709.444,142,0,753,231.755
252,411.984,809.843,708.138,141,0,754,232.962
224,416.772,810.173,708.585,140,0,755,231.973
235,415.643,810.467,708.372,139,0,756,233.415
229,421.803,810.248,709.137,138,0,757,232.776
212,419.302,810.798,709.853,137,0,758,232.96
205,419.663,811.26,709.878,136,0,759,234.466
202,409.139,811.459,710.351,135,0,760,234.909
183,411.945,813.236,712.524,134,0,761,235.186
189,410.439,812.982,711.299,133,0,762,233.864
181,411.204,813.561,713.711,132,0,394,234.694
296,394.595,835.888,762.044,149,0,764,233.375
292,389.298,835.319,759.977,148,0,765,233.538
265,398.728,834.598,758.439,147,0,766,233.69
262,390.053,834.221,757.754,146,0,767,234.044
254,398.984,833.439,755.908,145,0,768,234.222
253,387.245,832.701,753.137,144,0,769,233.641
242,388.69,832.139,753.462,143,0,770,232.533
239,394.1,831.666,752.398,142,0,771,231.755
226,393.372,830.502,749.755,141,0,772,232.962
215,393.753,829.375,747.78,140,0,773,231.973
202,394.144,828.69,746.575,139,0,774,233.415
193,398.803,828.514,746.773,138,0,775,232.776
193,396.394,828.258,746.144,137,0,776,232.96
181,405.298,828.617,745.353,136,0,777,234.466
181,395.867,828.701,745.845,135,0,778,234.909
172,391.587,828.96,746.303,134,0,779,235.186
509,358.116,840.897,763.727,133,0,780,233.864
516,358.678,840.827,764.143,132,0,781,234.694
526,358.337,840.532,762.655,131,0,782,234.191
510,353.159,840.128,762.146,130,0,783,233.85
475,351.242,839.321,759.82,129,0,784,233.47
463,359.004,837.964,756.952,128,0,785,232.537
445,360.782,836.901,755.412,127,0,786,234.122
436,361.19,836.034,754.256,126,0,787,233.611
415,360.123,835.416,752.951,125,0,788,234.298
417,358.571,835.067,752.351,124,0,789,232.276
395,354.932,834.097,750.771,123,0,790,233.899
391,364.816,833.266,749.018,122,0,791,232.79
378,356.042,832.928,747.955,121,0,792,234.156
365,350.685,832.234,746.413,120,0,793,233.649
361,362.058,831.646,744.811,119,0,794,235.171
359,352.033,830.829,743.433,118,0,795,234.125
348,345.73,830.278,741.466,117,0,796,233.194
340,352.038,829.152,739.556,116,0,797,232.599
340,347.35,828.819,738.327,115,0,798,234.674
326,355.037,828.689,737.046,114,0,799,234.323
321,353.801,827.704,735.949,113,0,800,234.549
302,346.387,827.553,735.41,112,0,801,235.316
307,348.433,826.772,733.271,111,0,802,234.734
283,347.664,826.036,732.316,110,0,803,233.112
284,338.232,825.179,731.22,109,0,804,235
272,345.904,824.476,729.329,108,0,805,235.557
266,343.086,823.718,728.283,107,0,806,234.636
260,339.719,823.995,729.132,106,0,807,235.65
242,353.682,821.708,726.68,105,0,808,234.833
241,353.34,821.198,725.031,104,0,422,235.797
464,369.127,858.129,796.978,149,0,810,233.375
469,361.431,857.741,796.061,148,0,811,233.538
459,362.338,856.978,794.287,147,0,812,233.69
448,367.413,856.331,793.108,146,0,813,234.044
426,368.218,855.477,791.226,145,0,814,234.222
425,356.901,855.317,790.186,144,0,815,233.641
418,357.787,855.3,791.272,143,0,816,232.533
402,353.888,854.918,790.692,142,0,817,231.755
400,347.432,853.357,787.076,141,0,818,232.962
397,348.872,852.683,785.719,140,0,819,231.973
386,349.969,851.504,782.992,139,0,820,233.415
378,350.225,850.945,782.15,138,0,821,232.776
372,349.094,850.545,781.231,137,0,822,232.96
353,354.048,849.628,779.469,136,0,823,234.466
350,349.306,849.151,778.93,135,0,824,234.909
347,346.821,848.69,777.295,134,0,779,235.186
285,353.958,817.268,783.988,149,0,826,233.375
276,342.312,817.653,783.761,148,0,827,233.538
282,344.23,817.396,783.234,147,0,828,233.69
259,348.51,816.961,782.29,146,0,829,234.044
254,339.551,816.58,781.075,145,0,830,234.222
257,340.405,815.811,778.486,144,0,831,233.641
242,351.554,816.154,780.033,143,0,832,232.533
237,333.371,815.163,778.375,142,0,833,231.755
235,340.911,814.195,775.439,141,0,834,232.962
223,349.417,813.778,774.811,140,0,835,231.973
219,343.995,812.427,771.873,139,0,836,233.415
437,351.945,806.164,759.126,138,0,837,232.776
424,353.785,805.563,757.953,137,0,838,232.96
411,359.229,805.3,756.73,136,0,839,234.466
410,349.746,805.043,756.493,135,0,840,234.909
401,350.549,804.831,755.321,134,0,841,235.186
396,355.614,803.946,752.991,133,0,842,233.864
393,349.471,803.958,753.452,132,0,843,234.694
381,353.278,804.046,753.518,131,0,844,234.191
367,341.586,803.59,753.14,130,0,845,233.85
363,347.642,802.978,751.461,129,0,846,233.47
343,350.318,802.087,749.55,128,0,847,232.537
341,353.255,801.609,748.786,127,0,848,234.122
325,350.843,801.291,748.71,126,0,849,233.611
317,354.079,800.651,747.589,125,0,850,234.298
316,352.218,800.315,746.679,124,0,851,232.276
298,360.654,799.408,745.098,123,0,852,233.899
298,362.819,799.22,744.792,122,0,853,232.79
281,366.189,799.478,744.731,121,0,854,234.156
279,364.168,799.1,744.244,120,0,855,233.649
283,360.3,798.478,743.431,119,0,856,235.171
274,360.796,798.358,743.133,118,0,857,234.125
283,352.124,797.307,740.892,117,0,858,233.194
657,382.447,786.255,719.103,116,0,859,232.599
639,384.135,786.279,718.436,115,0,860,234.674
615,389.101,785.589,717.125,114,0,861,234.323
590,388.727,786.041,718.86,113,0,862,234.549
570,394.946,785.929,718.575,112,0,863,235.316
579,393.378,786.142,718.587,111,0,864,234.734
546,398.777,785.945,718.521,110,0,865,233.112
531,402.81,785.667,718.148,109,0,866,235
503,398.072,785.67,717.58,108,0,867,235.557
498,409.086,785.449,717.18,107,0,868,234.636
495,407.028,785.254,717.8,106,0,869,235.65
469,411.228,784.899,717.37,105,0,870,234.833
468,408.103,785.106,717.202,104,0,871,235.797
453,412.455,784.321,715.597,103,0,872,234.628
436,414.321,784.415,715.802,102,0,873,235.187
435,407.589,784.298,715.46,101,0,874,235.297
442,409.964,783.942,714.651,100,0,875,237.137
418,415.926,784.078,714.539,99,0,876,236.884
405,416.188,784.23,715.067,98,0,877,234.976
401,416.536,783.869,714.648,97,0,878,236.841
394,419.98,783.392,713.631,96,0,879,235.973
380,417.045,783.431,713.703,95,0,880,236.565
369,425.509,783.174,713.31,94,0,881,238.41
369,418.607,783.125,712.767,93,0,882,238.204
355,420.248,783.074,713.407,92,0,883,238.21
364,417.86,783.413,712.207,91,0,884,236.783
348,418.552,783.152,713.666,90,0,885,237.649
348,409.569,782.875,713.399,89,0,886,238.02
341,406.906,782.623,713.063,88,0,887,238.009
339,405.879,782.317,712.393,87,0,888,239.45
335,409.033,781.955,711.709,86,0,889,237.448
333,407,781.448,710.549,85,0,890,238.961
312,401.997,781.569,709.677,84,0,891,237.268
484,406.731,775.596,698.378,83,0,892,238.022
488,404.621,775.469,698.533,82,0,893,239.02
475,399.406,775.47,698.435,81,0,894,238.591
484,402.694,775.358,697.943,80,0,895,239.649
451,404.787,775.165,697.622,79,0,896,239.599
433,399.591,775.237,697.77,78,0,897,240.039
445,398.254,775.114,697.21,77,0,898,240.036
416,404.329,775.147,697.26,76,0,899,239.571
413,398.339,775.208,697.034,75,0,900,240.229
403,397.263,775.187,696.91,74,0,901,239.417
414,399.754,775.64,697.357,73,0,902,240.981
408,400.534,775.475,696.822,72,0,903,240.331
401,398.449,775.614,697.345,71,0,904,242.066
387,399.61,775.567,696.989,70,0,905,241.027
382,401.531,775.425,696.992,69,0,906,242.718
379,394.137,775.563,697.182,68,0,907,241.663
384,393.953,775.23,696.66,67,0,908,241.457
387,388.227,775.707,697.307,66,0,909,243.071
379,387.989,775.6,697.289,65,0,910,243.302
376,389.931,775.003,696.863,64,0,911,243.971
362,399.782,774.506,696.217,63,0,912,244.136
360,393.369,774.57,696.303,62,0,913,245.257
352,392.722,774.352,696.151,61,0,914,245.678
348,391.761,774.131,695.581,60,0,915,246.58
326,397.546,773.961,695.298,59,0,916,246.22
336,398.512,773.499,694.651,58,0,917,247.496
323,400.149,772.771,693.546,57,0,918,247.552
328,394.341,772.511,692.841,56,0,919,247.754
320,395.341,772.673,692.672,55,0,920,248.177
286,400.654,772.116,691.771,54,0,921,247.597
296,401.395,772.143,691.246,53,0,922,247.559
279,398.828,770.972,690.245,52,0,923,247.417
283,392.18,770.671,689.491,51,0,924,247.837
284,396.609,770.728,689.421,50,0,925,249.125
267,391.94,770.297,688.814,49,0,926,249.619
264,392.462,770.03,688.268,48,0,927,250.564
258,394.225,769.799,687.63,47,0,928,250.732
257,397.84,769.296,686.847,46,0,929,252.14
250,385.044,769.41,686.714,45,0,930,252.578
238,392.954,767.994,685.309,44,0,931,251.795
241,384.635,767.613,684.777,43,0,932,253.789
244,380.553,767.154,684.131,42,0,933,254.336
523,368.549,758.841,671.493,41,0,934,253.952
521,364.973,757.493,671.21,40,0,935,253.656
504,366.929,757.204,670.863,39,0,936,255.606
481,375.582,756.726,670.471,38,0,937,255.551
472,362.301,757.303,670.909,37,0,938,256.316
463,367.503,757.038,670.733,36,0,939,256.725
451,364.911,757.084,670.396,35,0,940,258.76
443,364.686,757.254,671.011,34,0,941,258.644
429,366.086,756.869,670.337,33,0,942,258.496
429,377.193,757.299,671.013,32,0,943,260.102
425,363.734,757.256,670.862,31,0,944,262.222
418,356.701,757.442,670.742,30,0,945,261.49
423,363.019,757.203,670.63,29,0,946,263.14
411,365.842,758.029,671.333,28,0,947,263.635
404,367.035,757.78,670.898,27,0,948,265.592
409,368.804,757.436,670.533,26,0,949,266.792
394,367.919,757.391,670.358,25,0,950,266.498
388,365.492,757.415,670.734,24,0,951,267.259
367,372.444,757.671,670.821,23,0,952,269.954
366,366.03,758.002,670.959,22,0,953,270.543
350,380.129,758.428,671.399,21,0,954,271.835
348,375.514,758.665,671.602,20,0,955,273.015
331,382.695,758.764,671.669,19,0,956,274.565
315,378.286,759.216,671.821,18,0,957,276.651
320,385.225,760.6,672.386,17,0,958,276.852
311,383.019,760.538,672.559,16,0,959,279.389
303,390.287,760.464,672.868,15,0,960,280.745
296,395.669,761.028,673.284,14,0,961,283.706
263,396.985,761.599,673.701,13,0,962,283.954
263,390.517,761.255,673.486,12,0,178,286.442
274,379.858,802.943,750.728,149,0,964,233.375
275,375.185,803.052,750.47,148,0,965,233.538
259,375.9,802.659,750.426,147,0,966,233.69
251,367.729,802.764,750.116,146,0,967,234.044
258,367.399,802.602,749.919,145,0,968,234.222
254,363.189,802.017,748.195,144,0,969,233.641
246,372.488,802.597,750.634,143,0,970,232.533
237,355.367,802.381,750.26,142,0,971,231.755
221,365.643,801.43,748.419,141,0,972,232.962
218,359.995,801.525,748.588,140,0,973,231.973
209,357.498,800.788,746.565,139,0,836,233.415
278,389.381,786.345,727.817,149,0,975,233.375
274,392.595,786.664,726.805,148,0,976,233.538
279,397.473,786.692,725.029,147,0,977,233.69
254,392.055,786.731,724.716,146,0,978,234.044
246,394.537,786.735,723.498,145,0,979,234.222
255,388.925,786.85,721.674,144,0,980,233.641
240,391.854,787.484,723.611,143,0,981,232.533
240,381.3,787.31,723.396,142,0,982,231.755
239,378.176,786.874,721.419,141,0,983,232.962
240,376.638,786.982,721.629,140,0,984,231.973
563,394.133,776.907,698.032,139,0,985,233.415
538,395.931,777.014,699.071,138,0,986,232.776
533,394.158,777.475,700.086,137,0,987,232.96
520,394.581,777.644,700.347,136,0,988,234.466
521,389.134,777.963,701.193,135,0,989,234.909
507,387.684,777.796,700.458,134,0,990,235.186
516,390.659,777.139,698.786,133,0,991,233.864
512,383.322,777.601,700.148,132,0,992,234.694
503,385.473,778.177,701.415,131,0,993,234.191
512,387.721,778.627,702.292,130,0,994,233.85
503,384.052,778.498,701.873,129,0,995,233.47
490,376.51,778.289,700.937,128,0,996,232.537
487,377.211,778.672,701.995,127,0,997,234.122
477,380.597,778.609,702.616,126,0,998,233.611
445,380.667,778.605,702.597,125,0,999,234.298
445,381.355,779.055,703.694,124,0,1000,232.276
436,383.03,779.08,703.595,123,0,1001,233.899
426,381.915,779.375,704.38,122,0,1002,232.79
413,388.128,779.873,705.248,121,0,1003,234.156
409,383.89,779.709,705.147,120,0,1004,233.649
396,386.75,779.549,704.71,119,0,1005,235.171
397,388.096,779.941,705.336,118,0,1006,234.125
386,391.256,779.433,703.923,117,0,858,233.194
390,416.569,769.711,681.145,149,0,1008,233.375
391,419.596,769.565,681.067,148,0,1009,233.538
383,420.467,769.284,680.521,147,0,1010,233.69
365,414.674,769.202,680.035,146,0,1011,234.044
363,423.873,768.704,679.375,145,0,1012,234.222
361,421.382,768.522,678.255,144,0,1013,233.641
349,417.281,769.09,680.745,143,0,1014,232.533
335,411.34,769.104,680.794,142,0,1015,231.755
338,412.234,769.01,680.297,141,0,1016,232.962
327,408.761,769.677,681.686,140,0,984,231.973
420,401.029,767.219,710.145,149,0,1018,233.375
421,405.898,766.996,709.204,148,0,1019,233.538
407,404.231,766.911,708.573,147,0,1020,233.69
389,407.802,767.125,707.995,146,0,1021,234.044
376,409.285,766.8,707.052,145,0,1022,234.222
372,393.79,766.748,705.922,144,0,1023,233.641
367,396.684,767.969,708.406,143,0,1024,232.533
355,390.879,767.43,707.891,142,0,1025,231.755
354,388.847,766.47,706.025,141,0,1026,232.962
347,391.608,766.431,706.433,140,0,1027,231.973
350,394.166,765.777,705.557,139,0,1028,233.415
335,396.099,765.98,706.487,138,0,1029,232.776
324,394.253,765.982,706.423,137,0,1030,232.96
310,393.852,765.646,706.054,136,0,1031,234.466
314,387.029,764.995,705.569,135,0,1032,234.909
317,389.978,764.224,704.542,134,0,1033,235.186
299,380.227,762.783,701.961,133,0,1034,233.864
301,384.94,762.39,702.298,132,0,1035,234.694
291,392.825,761.841,701.81,131,0,1036,234.191
288,393.872,761.636,701.748,130,0,1037,233.85
275,386.873,761.372,700.714,129,0,1038,233.47
263,388.521,760.541,698.772,128,0,1039,232.537
256,399.227,760.61,698.85,127,0,1040,234.122
247,392.927,760.584,699.518,126,0,1041,233.611
243,393.765,760.231,698.709,125,0,1042,234.298
233,379.828,760.129,698.634,124,0,1043,232.276
234,398.158,759.882,697.434,123,0,1044,233.899
222,389.667,759.919,695.835,122,0,1045,232.79
505,397.537,758.682,677.005,121,0,1046,234.156
466,406.811,758.64,676.234,120,0,1047,233.649
461,401.898,758.763,675.42,119,0,1048,235.171
440,403.786,758.83,675.068,118,0,1049,234.125
436,403.521,758.679,673.933,117,0,1050,233.194
406,404.741,758.665,674.363,116,0,1051,232.599
407,408.572,758.899,673.142,115,0,1052,234.674
396,410.391,759.118,673.377,114,0,1053,234.323
390,403.162,759.559,674.467,113,0,1054,234.549
391,403.923,759.826,673.998,112,0,1055,235.316
390,409.59,759.832,672.121,111,0,1056,234.734
371,410.318,760.226,673.482,110,0,1057,233.112
359,413.206,760.422,672.832,109,0,1058,235
358,415.684,760.674,672.157,108,0,1059,235.557
350,413.071,761.029,672.052,107,0,1060,234.636
342,417.725,761.705,673.566,106,0,1061,235.65
326,425.319,761.93,673.712,105,0,1062,234.833
320,436.844,762.227,673.963,104,0,1063,235.797
304,419.431,762.085,672.94,103,0,1064,234.628
315,425.559,762.571,674.122,102,0,1065,235.187
311,426.817,762.794,674.153,101,0,1066,235.297
291,430.804,762.528,674.05,100,0,1067,237.137
291,431.897,762.961,674.774,99,0,1068,236.884
284,433.042,763.487,675.857,98,0,1069,234.976
274,436.628,763.883,676.446,97,0,1070,236.841
265,434.977,764.215,676.94,96,0,1071,235.973
252,435.698,764.379,676.88,95,0,1072,236.565
243,445.128,764.62,677.61,94,0,1073,238.41
243,430.959,764.775,677.099,93,0,1074,238.204
232,436.06,765.178,678.249,92,0,1075,238.21
231,439.342,765.749,677.119,91,0,1076,236.783
223,425.036,765.523,679.009,90,0,1077,237.649
212,430.302,765.704,679.222,89,0,1078,238.02
208,421.476,766.18,680.208,88,0,1079,238.009
199,433.789,766.014,680.075,87,0,1080,239.45
177,432.136,766.136,680.541,86,0,1081,237.448
175,435.749,766.246,680.024,85,0,1082,238.961
187,426.481,766.731,680.357,84,0,891,237.268
331,380.743,757.384,737.768,149,0,1084,233.375
318,374.258,757.202,736.076,148,0,1085,233.538
308,379.357,756.782,735.295,147,0,1086,233.69
319,377.978,756.012,734.001,146,0,1087,234.044
301,380.279,755.257,732.498,145,0,1088,234.222
289,379.872,754.686,730.663,144,0,1089,233.641
286,373.287,755.272,732.605,143,0,1090,232.533
261,372.126,754.905,731.608,142,0,1091,231.755
596,352.421,746.74,745.479,141,0,1092,232.962
575,352.983,747.502,744.08,140,0,1093,231.973
546,357.137,747.07,743.026,139,0,1094,233.415
529,361.074,747.419,743.646,138,0,1095,232.776
516,356.537,747.566,743.528,137,0,1096,232.96
516,355.134,747.298,742.611,136,0,1097,234.466
505,355.717,747.143,741.889,135,0,1098,234.909
495,352.477,746.754,740.907,134,0,1099,235.186
480,353.958,746.132,737.93,133,0,1100,233.864
450,351.496,746.358,738.624,132,0,1101,234.694
455,351.246,746.729,738.272,131,0,1102,234.191
430,353.895,746.624,737.228,130,0,1103,233.85
408,354.11,746.313,736.274,129,0,1104,233.47
567,368.416,746.281,721.105,128,0,1105,232.537
554,358.032,746.265,719.675,127,0,1106,234.122
516,368.492,746.482,718.768,126,0,1107,233.611
493,364.134,746.392,716.465,125,0,1108,234.298
459,367.423,746.666,714.946,124,0,1109,232.276
458,365.118,746.493,713.313,123,0,1110,233.899
433,367.917,746.751,711.558,122,0,1111,232.79
419,369.807,746.882,710.269,121,0,1112,234.156
410,369.734,746.923,708.543,120,0,1113,233.649
404,371.074,747.217,708.313,119,0,1114,235.171
398,367.465,747.27,706.948,118,0,1115,234.125
376,369.92,747.078,706.074,117,0,1116,233.194
373,372.85,747.096,704.792,116,0,1117,232.599
349,375.375,747.138,703.149,115,0,1118,234.674
339,374.298,747.18,702.291,114,0,1119,234.323
328,377.918,747.277,701.723,113,0,1120,234.549
323,384.882,747.266,701.766,112,0,1121,235.316
326,374.963,747.51,700.074,111,0,1122,234.734
320,373.125,747.451,700.067,110,0,1123,233.112
326,373.531,747.321,699.088,109,0,1124,235
329,366.249,747.151,697.944,108,0,1125,235.557
320,363.075,747.427,697.005,107,0,1126,234.636
312,368.532,747.614,696.836,106,0,1127,235.65
306,371.33,748.014,696.297,105,0,1128,234.833
293,368.608,747.925,695.41,104,0,1129,235.797
301,362.495,747.731,693.63,103,0,1130,234.628
285,367.863,748.039,693.828,102,0,1131,235.187
278,364.788,748.229,693.095,101,0,1132,235.297
268,383.213,748.298,691.447,100,0,1133,237.137
249,370.325,748.9,690.525,99,0,1134,236.884
250,374.716,748.637,690.729,98,0,1135,234.976
248,378.19,748.609,689.891,97,0,1136,236.841
247,373.283,748.713,689.631,96,0,1137,235.973
240,369.612,748.736,688.862,95,0,1138,236.565
244,368.414,749.104,688.119,94,0,1139,238.41
417,375.47,750.04,674.434,93,0,1140,238.204
408,382.873,750.105,674.735,92,0,1141,238.21
394,378.124,750.591,673.902,91,0,1142,236.783
382,373.597,750.31,675.71,90,0,1143,237.649
383,369.77,750.388,676.254,89,0,1144,238.02
370,370.259,750.608,675.829,88,0,1145,238.009
361,370.175,750.407,676.985,87,0,1146,239.45
347,375.21,750.619,677.042,86,0,1147,237.448
340,373.026,750.781,676.54,85,0,1148,238.961
335,372.245,750.813,675.74,84,0,1149,237.268
336,364.854,750.683,676.095,83,0,1150,238.022
332,369.639,750.456,676.396,82,0,1151,239.02
327,366.379,750.733,675.848,81,0,1152,238.591
318,366.792,750.787,675.546,80,0,1153,239.649
302,372.762,751.068,675.89,79,0,1154,239.599
286,370.717,751.689,675.835,78,0,1155,240.039
290,367.979,751.585,675.229,77,0,1156,240.036
289,364.595,751.948,674.409,76,0,1157,239.571
284,367.567,752.11,674.092,75,0,1158,240.229
266,372.098,752.079,673.801,74,0,1159,239.417
277,377.126,751.902,672.96,73,0,1160,240.981
256,375.699,751.903,672.499,72,0,1161,240.331
250,371.36,751.586,671.667,71,0,1162,242.066
256,375.047,751.446,670.195,70,0,1163,241.027
250,379.312,751.413,669.355,69,0,1164,242.718
538,368.273,744.757,654.621,68,0,1165,241.663
546,368.035,744.745,654.33,67,0,1166,241.457
524,368.985,744.672,653.913,66,0,1167,243.071
524,368.931,744.922,653.74,65,0,1168,243.302
514,373.652,744.893,653.794,64,0,1169,243.971
488,371.496,744.862,653.674,63,0,1170,244.136
476,370.05,745.532,654.293,62,0,1171,245.257
471,375.66,745.485,654.451,61,0,1172,245.678
424,372.434,745.63,654.962,60,0,1173,246.58
423,378.312,746.468,655.78,59,0,1174,246.22
414,376.268,746.14,655.996,58,0,1175,247.496
400,374.42,746.345,656.085,57,0,1176,247.552
374,373.765,746.893,656.425,56,0,1177,247.754
391,375.696,746.807,656.675,55,0,1178,248.177
385,378.855,747.033,656.922,54,0,1179,247.597
362,378.403,747.838,657.469,53,0,1180,247.559
352,381.554,747.37,657.502,52,0,1181,247.417
341,378.789,747.462,657.774,51,0,1182,247.837
340,383.95,747.48,657.666,50,0,1183,249.125
341,373.361,747.482,657.771,49,0,1184,249.619
330,379.845,747.46,658.137,48,0,1185,250.564
324,374.052,747.768,658.189,47,0,1186,250.732
311,370.514,748.192,658.977,46,0,1187,252.14
301,374.216,748.747,659.037,45,0,1188,252.578
297,368.37,748.082,658.956,44,0,1189,251.795
300,369.057,748.558,659.467,43,0,1190,253.789
278,359.086,748.558,659.273,42,0,933,254.336
354,346.839,736.743,767.727,149,0,1192,233.375
341,338.997,736.935,767.541,148,0,1193,233.538
344,341.826,736.781,767.206,147,0,1194,233.69
338,338.015,736.908,766.734,146,0,1195,234.044
321,346.779,736.538,766.76,145,0,1196,234.222
331,338.704,736.813,764.808,144,0,1197,233.641
318,337.836,737.879,767.275,143,0,1198,232.533
319,332.329,739.004,764.59,142,0,1091,231.755
291,363.22,735.697,740.125,149,0,1200,233.375
269,359.87,736.346,739.932,148,0,1201,233.538
282,361.95,736.483,739.272,147,0,1202,233.69
270,357.296,736.147,739.369,146,0,1203,234.044
259,359.981,735.904,739.492,145,0,1204,234.222
258,356.26,735.752,737.774,144,0,1205,233.641
242,352.029,736.454,740.603,143,0,1206,232.533
238,361.639,736.067,740.078,142,0,1207,231.755
227,356.396,735.561,737.814,141,0,1208,232.962
442,361.077,736.098,723.252,140,0,1209,231.973
430,357.621,736.211,722.976,139,0,1210,233.415
424,358.533,736.729,722.845,138,0,1211,232.776
398,357.302,737.036,721.949,137,0,1212,232.96
380,363.776,737.06,720.076,136,0,1213,234.466
382,365.696,737.047,718.801,135,0,1214,234.909
359,364.613,737.123,717.003,134,0,1215,235.186
348,366.167,736.275,713.485,133,0,1216,233.864
338,360.29,736.657,714.823,132,0,1217,234.694
328,364.652,736.896,715.015,131,0,1218,234.191
314,360.971,736.567,713.892,130,0,1219,233.85
293,359.631,736.28,712.517,129,0,1220,233.47
303,355.667,735.872,711.878,128,0,1221,232.537
291,352.395,735.499,710.836,127,0,1222,234.122
270,356.748,735.571,711.076,126,0,1223,233.611
259,353.741,735.317,711.193,125,0,1224,234.298
263,348.479,735.47,710.315,124,0,1225,232.276
257,346.23,735.198,710.104,123,0,1226,233.899
260,342.469,735.251,708.718,122,0,1227,232.79
237,345.785,735.021,709.32,121,0,1228,234.156
220,353.714,735.276,708.768,120,0,1229,233.649
220,348.759,735.226,708.521,119,0,1230,235.171
471,350.675,733.586,690.073,118,0,1231,234.125
459,351.969,733.71,688.726,117,0,1232,233.194
432,354.072,734.056,687.551,116,0,1233,232.599
423,349.936,734.087,686.121,115,0,1234,234.674
411,350.873,734.059,684.788,114,0,1235,234.323
396,354.404,734.319,685.149,113,0,1236,234.549
397,352.965,734.345,684.17,112,0,1237,235.316
392,345.439,734.378,682.968,111,0,1238,234.734
395,352.747,734.41,682.457,110,0,1239,233.112
384,345.646,734.355,680.664,109,0,1240,235
369,350.949,734.191,678.698,108,0,1241,235.557
398,345.606,734.069,678.241,107,0,1242,234.636
361,345.681,734.399,676.671,106,0,1243,235.65
359,352.348,734.762,675.94,105,0,1244,234.833
343,352.65,734.853,674.728,104,0,1245,235.797
323,345.062,734.657,671.993,103,0,1246,234.628
322,350.55,735.026,672.469,102,0,1247,235.187
310,349.823,735.527,671.092,101,0,1248,235.297
287,350.08,735.562,669.517,100,0,1249,237.137
275,356.709,736.306,668.397,99,0,1250,236.884
258,355.174,736.812,667.628,98,0,1251,234.976
256,351.75,737.561,665.93,97,0,1252,236.841
238,359.176,738.276,664.406,96,0,1253,235.973
212,356.642,738.249,662.843,95,0,1254,236.565
567,348.086,736.4,642.399,94,0,1255,238.41
544,349.096,736.479,642.308,93,0,1256,238.204
534,350.483,736.661,642.685,92,0,1257,238.21
524,354.651,737.176,642.286,91,0,1258,236.783
502,352.319,736.821,643.047,90,0,1259,237.649
500,351.408,736.936,642.679,89,0,1260,238.02
500,349.762,736.981,643.466,88,0,1261,238.009
477,350.577,736.871,642.213,87,0,1262,239.45
484,345.725,736.977,642.295,86,0,1263,237.448
469,349.493,737.5,642.591,85,0,1264,238.961
459,348.95,737.212,641.112,84,0,1265,237.268
443,344.129,737.28,641.224,83,0,1266,238.022
430,350.844,737.14,641.351,82,0,1267,239.02
417,354.046,737.491,641.469,81,0,1268,238.591
395,355.757,737.391,640.654,80,0,1269,239.649
396,348.389,737.447,640.708,79,0,1270,239.599
386,352.345,737.712,641.22,78,0,1271,240.039
377,351.844,737.583,640.66,77,0,1272,240.036
373,354.367,738.109,641.02,76,0,1273,239.571
365,352.751,738.083,641.176,75,0,1274,240.229
358,350.872,738.262,641.558,74,0,1275,239.417
332,352.952,738.329,641.13,73,0,1276,240.981
328,354.186,738.556,641.55,72,0,1277,240.331
327,353.113,738.594,641.601,71,0,1278,242.066
312,357.59,738.44,641.364,70,0,1279,241.027
300,354.373,738.303,641.223,69,0,1164,242.718
241,392.705,737.15,713.468,149,0,1281,233.375
224,399.281,736.834,712.433,148,0,1282,233.538
228,387.417,735.686,710.812,147,0,1283,233.69
237,382.363,736.143,711.106,146,0,1284,234.044
232,392.155,735.587,710.732,145,0,1285,234.222
229,384.782,734.895,708.949,144,0,1286,233.641
227,388.401,735.509,711.877,143,0,1287,232.533
233,369.052,735.566,711.312,142,0,1288,231.755
223,369.085,735.658,710.529,141,0,1208,232.962
304,367.921,709.655,694.646,149,0,1290,233.375
308,372.799,710.408,694.296,148,0,1291,233.538
303,371.393,710.644,694.023,147,0,1292,233.69
280,371.936,711.451,693.934,146,0,1293,234.044
278,370.022,712.315,693.272,145,0,1294,234.222
266,378.996,713.948,691.36,144,0,1295,233.641
259,371.641,716.451,693.913,143,0,1296,232.533
240,372.108,717.99,692.054,142,0,1297,231.755
235,377.813,718.913,689.413,141,0,1298,232.962
467,371.34,716.424,674.344,140,0,1299,231.973
464,366.179,716.986,673.179,139,0,1300,233.415
456,365.257,717.75,673.529,138,0,1301,232.776
436,366.821,718.269,672.334,137,0,1302,232.96
425,366.478,718.681,671.919,136,0,1303,234.466
419,364.01,718.617,671.463,135,0,1304,234.909
402,358.893,718.861,670.689,134,0,1305,235.186
381,358.551,718.504,668.384,133,0,1306,233.864
388,357.657,719.455,670.03,132,0,1307,234.694
383,357.668,720.641,670.96,131,0,1308,234.191
368,350.139,721.294,671.091,130,0,1309,233.85
359,355.682,722.284,671.405,129,0,1310,233.47
343,357.198,723.227,670.713,128,0,1311,232.537
316,362.927,724.885,671.43,127,0,1312,234.122
292,362.103,725.621,672.056,126,0,1313,233.611
289,365.938,726.489,672.464,125,0,1314,234.298
281,356.292,727.288,673.2,124,0,1315,232.276
285,351.93,727.545,672.743,123,0,1316,233.899
281,350.53,728.345,673.167,122,0,1317,232.79
284,347.546,729.313,673.453,121,0,1318,234.156
265,349.438,729.509,673.959,120,0,1319,233.649
254,353.185,730.926,675.434,119,0,1230,235.171
327,408.346,734.301,696.861,149,0,1321,233.375
329,399.717,735.103,696.794,148,0,1322,233.538
314,404.685,735.474,696.075,147,0,1323,233.69
305,405.925,736.481,695.346,146,0,1324,234.044
299,403.682,737.478,695.287,145,0,1325,234.222
296,385.132,738.802,693.98,144,0,1326,233.641
294,392.935,741.138,696.419,143,0,1327,232.533
268,381.75,741.848,695.455,142,0,1328,231.755
268,390.866,741.688,693.598,141,0,1329,232.962
256,388.102,742.116,693.276,140,0,1330,231.973
231,385.195,742.3,692.375,139,0,1331,233.415
226,395.341,744.018,694.856,138,0,1332,232.776
233,387.086,745.915,696.519,137,0,1333,232.96
208,394.75,745.863,695.407,136,0,1334,234.466
209,388.679,746.23,694.83,135,0,1335,234.909
200,389.02,746.08,693.589,134,0,1336,235.186
189,395.032,745.165,691.55,133,0,1337,233.864
181,397.26,745.941,693.132,132,0,1338,234.694
163,385.877,746.369,693.17,131,0,1339,234.191
161,387.646,746.878,693.834,130,0,1340,233.85
164,393.811,747.349,694.821,129,0,1104,233.47
248,392.004,726.291,657.963,149,0,1342,233.375
256,390.922,726.233,657.24,148,0,1343,233.538
249,388.687,726.364,657.175,147,0,1344,233.69
234,398.179,726.289,656.337,146,0,1345,234.044
239,390.916,725.836,657.475,145,0,1346,234.222
231,381.359,725.599,655.256,144,0,1347,233.641
224,393.772,726.186,657.249,143,0,1348,232.533
218,392.106,726.046,657.84,142,0,1349,231.755
218,382.89,726.295,656.11,141,0,1350,232.962
200,384.295,727.143,656.291,140,0,1351,231.973
206,382.393,727.619,655.982,139,0,1352,233.415
201,375.478,728.318,656.383,138,0,1353,232.776
388,374.242,730.47,640.497,137,0,1354,232.96
371,369.976,730.842,640.611,136,0,1355,234.466
372,376.777,731.178,640.424,135,0,1356,234.909
373,370.984,731.134,641.969,134,0,1357,235.186
363,378.295,730.899,639.875,133,0,1358,233.864
350,372.177,731.476,641.53,132,0,1359,234.694
349,370.02,731.97,641.81,131,0,1360,234.191
345,375.614,732.881,643.34,130,0,1361,233.85
331,364.689,733.138,642.772,129,0,1362,233.47
330,368.442,733.428,641.863,128,0,1363,232.537
326,366.494,733.999,642.284,127,0,1364,234.122
323,357.576,734.362,643.001,126,0,1365,233.611
326,364.503,734.511,642.779,125,0,1366,234.298
321,357.928,734.627,643.695,124,0,1367,232.276
290,354.962,734.556,643.683,123,0,1368,233.899
307,352.134,734.457,643.075,122,0,1369,232.79
277,358.643,734.693,642.959,121,0,1370,234.156
271,360.214,734.679,642.082,120,0,1371,233.649
278,354.644,735.093,641.018,119,0,1372,235.171
272,356.232,735.093,640.005,118,0,1373,234.125
263,357.099,735.082,639.667,117,0,1374,233.194
256,355.238,734.862,639.447,116,0,1375,232.599
258,355.163,734.651,638.977,115,0,1376,234.674
248,351.105,734.543,638.799,114,0,1377,234.323
584,329.93,732.765,619.779,113,0,1378,234.549
584,326.829,732.839,620.512,112,0,1379,235.316
567,329.229,732.864,620.662,111,0,1380,234.734
540,328.82,732.795,621.655,110,0,1381,233.112
544,331.154,732.683,621.565,109,0,1382,235
516,331.43,732.555,621.37,108,0,1383,235.557
490,333.951,732.691,622.747,107,0,1384,234.636
488,335.5,732.907,623.014,106,0,1385,235.65
449,333.523,733.323,624.613,105,0,1386,234.833
453,339.373,733.304,624.675,104,0,1387,235.797
428,339.009,732.971,624.228,103,0,1388,234.628
418,334.127,733.423,625.538,102,0,1389,235.187
415,334.933,733.844,626.359,101,0,1390,235.297
395,341.233,733.699,626.694,100,0,1391,237.137
385,340.53,733.771,626.586,99,0,1392,236.884
377,340.451,734.037,627.911,98,0,1393,234.976
363,332.86,734.101,627.431,97,0,1394,236.841
365,336.381,734.533,628.6,96,0,1395,235.973
357,331.157,734.579,628.978,95,0,1254,236.565
322,422.137,737.249,657.994,149,0,1397,233.375
310,424.016,737.368,657.368,148,0,1398,233.538
313,421.668,737.121,657.742,147,0,1399,233.69
292,423.866,736.953,657.845,146,0,1400,234.044
296,422.861,736.842,656.915,145,0,1401,234.222
274,419.456,736.835,653.852,144,0,1402,233.641
276,429.109,737.443,655.308,143,0,1403,232.533
266,416.68,737.658,654.156,142,0,1404,231.755
258,412.961,737.369,652.453,141,0,1405,232.962
247,407.725,738.03,653.227,140,0,1406,231.973
244,419.516,738.924,652.602,139,0,1407,233.415
252,417.56,739.569,654.572,138,0,1408,232.776
243,421.218,739.899,655.374,137,0,1409,232.96
241,417.539,739.741,656.329,136,0,1410,234.466
230,414.496,739.914,657.075,135,0,1411,234.909
213,423.16,740.249,657.134,134,0,1412,235.186
214,414.505,739.674,655.661,133,0,1413,233.864
204,422.069,740.156,657.74,132,0,1414,234.694
201,410.075,740.599,658.963,131,0,1415,234.191
184,409.875,741.486,659.802,130,0,1416,233.85
195,403.267,741.979,659.581,129,0,1417,233.47
181,406.762,742.034,658.888,128,0,1418,232.537
177,408.469,743.139,658.877,127,0,1419,234.122
170,410.059,743.485,660.322,126,0,1420,233.611
167,397.234,743.769,660.007,125,0,1421,234.298
159,395.679,743.641,661.196,124,0,1422,232.276
164,406,743.747,661.478,123,0,1423,233.899
153,398.562,743.69,661.332,122,0,1424,232.79
151,406.093,743.76,661.711,121,0,1425,234.156
154,403.981,743.562,662.447,120,0,1426,233.649
155,397.865,743.997,661.658,119,0,1427,235.171
131,398.817,744.336,662.46,118,0,1428,234.125
146,411.425,744.665,660.437,117,0,1429,233.194
299,392.836,746.159,647.495,116,0,1430,232.599
279,393.061,746.316,647.271,115,0,1431,234.674
291,402.842,746.315,648.72,114,0,1432,234.323
282,407,746.495,650.321,113,0,1433,234.549
290,403.241,746.629,650.074,112,0,1434,235.316
273,396.293,746.579,649.536,111,0,1435,234.734
271,394.749,746.754,650.525,110,0,1436,233.112
263,397.498,746.821,651.379,109,0,1437,235
270,396.17,746.856,650.245,108,0,1438,235.557
256,395.406,747.042,650.556,107,0,1439,234.636
257,385.953,747.429,652.017,106,0,1440,235.65
240,392.275,747.817,652.006,105,0,1441,234.833
237,392.895,748.17,652.704,104,0,1442,235.797
224,394.228,747.967,652.335,103,0,1443,234.628
231,388.152,748.216,653.341,102,0,1444,235.187
223,383.717,748.906,653.831,101,0,1445,235.297
216,386.088,748.761,652.432,100,0,1446,237.137
212,390.67,748.953,653.381,99,0,1447,236.884
192,398.302,749.534,654.211,98,0,1448,234.976
192,386.38,750.058,654.666,97,0,1449,236.841
177,383.435,750.724,655.421,96,0,1450,235.973
187,388.561,750.939,656.5,95,0,1451,236.565
166,400.97,751.538,657.678,94,0,1139,238.41
219,418.566,747.142,681.076,149,0,1453,233.375
212,416.175,747.31,680.637,148,0,1454,233.538
454,410.377,749.062,664.069,147,0,1455,233.69
448,410.223,749.209,662.968,146,0,1456,234.044
444,404.642,749.015,662.542,145,0,1457,234.222
448,406.763,748.85,661.44,144,0,1458,233.641
451,407.435,749.644,663.657,143,0,1459,232.533
433,406.919,749.87,663.313,142,0,1460,231.755
400,405.18,749.523,661.68,141,0,1461,232.962
396,404.806,750.414,662.15,140,0,1462,231.973
381,414.651,751.038,661.804,139,0,1463,233.415
378,403.765,751.902,663.293,138,0,1464,232.776
373,400.705,752.351,662.656,137,0,1465,232.96
365,405.83,752.512,662.014,136,0,1466,234.466
363,405.033,752.94,661.449,135,0,1467,234.909
358,399.782,753.254,660.73,134,0,1468,235.186
364,401.283,752.553,659.426,133,0,1469,233.864
343,398.606,753.225,660.525,132,0,1470,234.694
343,400.927,754.217,660.208,131,0,1471,234.191
323,400.508,754.786,661.448,130,0,1472,233.85
312,398.99,755.04,661.23,129,0,1473,233.47
306,397.35,755.205,660.962,128,0,1474,232.537
296,400.206,755.766,662.166,127,0,1475,234.122
281,397.915,756.157,663.028,126,0,1476,233.611
276,403.065,756.721,663.184,125,0,1477,234.298
276,402.721,757.288,664.167,124,0,1478,232.276
270,401.937,757.347,664.076,123,0,1479,233.899
285,393.063,757.502,663.517,122,0,1045,232.79
237,417.418,750.719,649.307,149,0,1481,233.375
238,409.563,750.646,649.189,148,0,1454,233.538
185,406.33,744.901,615.263,149,0,1483,233.375
164,412.628,745.135,616.276,148,0,1484,233.538
342,395.111,742.388,604.193,147,0,1485,233.69
325,388.058,742.328,604.957,146,0,1486,234.044
322,393.935,742.197,605.139,145,0,1487,234.222
303,395.769,742.617,605.724,144,0,1488,233.641
302,397.083,743.428,608.752,143,0,1489,232.533
297,403.963,744.076,610.996,142,0,1490,231.755
296,400.453,743.912,611.002,141,0,1491,232.962
293,410.01,744.408,612.928,140,0,1492,231.973
278,399.255,744.247,612.877,139,0,1493,233.415
278,405.367,744.994,615.228,138,0,1494,232.776
272,404.688,745.158,615.751,137,0,1495,232.96
259,403.633,744.824,615.318,136,0,1496,234.466
260,402.804,744.883,616.122,135,0,1497,234.909
250,398.044,744.687,616.295,134,0,1498,235.186
243,399.794,744.35,615.246,133,0,1499,233.864
246,405.805,744.698,617.476,132,0,1500,234.694
239,406.042,745.353,618.846,131,0,1501,234.191
238,396.609,745.952,621.085,130,0,1502,233.85
220,397.645,745.766,621.107,129,0,1503,233.47
222,392.302,745.94,620.973,128,0,1504,232.537
215,397.149,746.212,622.459,127,0,1505,234.122
214,399.664,746.528,624.042,126,0,1506,233.611
205,404.756,747.01,625.005,125,0,1507,234.298
202,400.297,746.936,627.005,124,0,1508,232.276
200,397.435,746.922,627.644,123,0,1509,233.899
192,399.198,746.962,628.632,122,0,1510,232.79
182,403.313,746.838,629.097,121,0,1511,234.156
191,376.764,746.801,630.459,120,0,1512,233.649
172,391.535,746.903,631.088,119,0,1513,235.171
171,405.749,747.27,633.379,118,0,1514,234.125
157,384.051,747.032,632.765,117,0,1429,233.194
163,387.172,738.873,587.042,149,0,1516,233.375
164,378.878,739.314,589.466,148,0,1484,233.538
359,360.961,722.124,584.174,149,0,1518,233.375
345,360.716,723.312,584.451,148,0,1519,233.538
344,359.494,723.571,585.211,147,0,1520,233.69
344,358.041,724.089,585.575,146,0,1521,234.044
333,358.517,725.025,585.242,145,0,1522,234.222
336,350.259,726.012,584.337,144,0,1523,233.641
312,353.404,727.54,587.226,143,0,1524,232.533
305,351.443,728.542,586.951,142,0,1525,231.755
301,344.568,729.379,585.437,141,0,1526,232.962
293,343.768,730.096,585.797,140,0,1527,231.973
285,346.642,730.524,585.696,139,0,1528,233.415
278,344.424,730.859,587.968,138,0,1529,232.776
266,348.797,731.332,588.191,137,0,1530,232.96
265,340.732,731.581,587.649,136,0,1531,234.466
266,336.929,731.725,587.457,135,0,1532,234.909
276,347.04,731.785,588.098,134,0,1533,235.186
255,336.6,731.49,584.961,133,0,1534,233.864
519,339.931,727.385,602.177,132,0,1535,234.694
526,333.346,728.121,602.064,131,0,1536,234.191
511,332.068,728.625,602.431,130,0,1537,233.85
509,329.554,728.813,601.684,129,0,1538,233.47
507,329.679,729.151,599.967,128,0,1539,232.537
480,329.752,729.702,599.08,127,0,1540,234.122
462,326.66,730.053,599.886,126,0,1541,233.611
455,327.785,730.295,599.129,125,0,1542,234.298
467,320.062,730.444,599.116,124,0,1543,232.276
471,321.527,730.541,599.367,123,0,1544,233.899
444,325.333,730.973,598.198,122,0,1545,232.79
436,313.394,731.201,598.719,121,0,1546,234.156
442,310.421,731.119,598.889,120,0,1547,233.649
428,316.591,731.051,598.695,119,0,1548,235.171
393,310.941,731.03,599.325,118,0,1549,234.125
407,314.103,730.824,599.073,117,0,1550,233.194
356,317.73,730.782,600.922,116,0,1551,232.599
348,318.405,731.254,601.634,115,0,1552,234.674
367,318.253,731.142,602.171,114,0,1377,234.323
240,381.512,731.023,614.266,149,0,1554,233.375
228,378.246,730.958,614.745,148,0,1555,233.538
220,378.327,731.032,614.467,147,0,1556,233.69
220,383.677,731.272,615.737,146,0,1557,234.044
210,386.295,730.929,616.077,145,0,1558,234.222
205,382.81,730.538,615.899,144,0,1559,233.641
202,388.104,731.019,619.607,143,0,1560,232.533
201,387.98,730.689,620.813,142,0,1561,231.755
188,391.516,730.447,620.552,141,0,1562,232.962
187,387.781,731.072,622.123,140,0,1563,231.973
184,387.087,730.969,623.051,139,0,1564,233.415
179,386.598,731.972,624.672,138,0,1353,232.776
322,386.342,718.148,626.557,149,0,1566,233.375
303,375.71,718.112,626.558,148,0,1567,233.538
317,388.65,718.338,626.765,147,0,1568,233.69
299,374.458,718.283,626.416,146,0,1569,234.044
306,386.48,718.114,626.404,145,0,1570,234.222
293,376.16,717.685,625.448,144,0,1571,233.641
284,375.81,718.082,628.134,143,0,1572,232.533
274,382.993,717.764,626.653,142,0,1573,231.755
288,366.788,717.758,625.004,141,0,1574,232.962
289,364.353,718.451,624.586,140,0,1575,231.973
276,361.514,718.705,622.999,139,0,1576,233.415
273,366.297,719.787,623.96,138,0,1577,232.776
269,356.39,720.206,622.641,137,0,1578,232.96
259,352.853,721.027,621.178,136,0,1579,234.466
262,355.21,721.667,620.168,135,0,1580,234.909
249,354.996,722.035,619.863,134,0,1581,235.186
245,353.49,721.845,617.166,133,0,1534,233.864
251,386.462,710.336,659.898,149,0,1583,233.375
265,375.494,710.724,659.627,148,0,1584,233.538
263,378.392,711.035,659.9,147,0,1585,233.69
246,387.22,711.485,659.87,146,0,1586,234.044
247,380.644,710.862,659.237,145,0,1587,234.222
237,373.759,710.801,658.143,144,0,1588,233.641
239,372.594,711.532,659.698,143,0,1589,232.533
227,368.11,711.688,659.785,142,0,1590,231.755
221,361.719,711.571,658.969,141,0,1298,232.962
352,386.128,814.779,695.725,44,0,1592,251.795
349,384.152,814.185,695.505,43,0,1593,253.789
334,384.632,814.301,695.775,42,0,1594,254.336
328,384.137,815.629,696.331,41,0,1595,253.952
315,377.289,813.565,695.826,40,0,1596,253.656
316,382.025,812.818,695.468,39,0,1597,255.606
305,389.574,811.319,694.939,38,0,1598,255.551
289,390.377,812.17,695.387,37,0,1599,256.316
277,396.112,810.836,695.027,36,0,154,256.725
453,458.731,774.807,680.339,2,0,1601,317.219
444,466.198,774.936,680.241,1,0,0,323.204
