343,662.688,594.053,465.214,150,1,28,131.907
443,969.641,602.581,487.875,150,1,177,131.907
320,869.622,620.935,504.028,150,1,233,131.907
248,985.907,624.431,530.092,150,1,352,131.907
254,888.039,635.951,524.836,150,1,424,131.907
313,888.636,653.64,563.745,150,1,441,131.907
283,1099.177,634.176,558.691,150,1,454,131.907
437,840.002,659.947,587.903,150,1,475,131.907
201,799.199,651.221,609.208,150,1,603,131.907
207,966.599,639.68,604.911,150,1,634,131.907
204,736.338,644.544,637.92,150,1,712,131.907
199,925.251,632.03,636.685,150,1,714,131.907
339,1057.805,624.956,577.866,150,1,717,131.907
281,1090.477,606.115,527.927,150,1,752,131.907
399,1043.348,599.921,543.686,150,1,763,131.907
271,873.048,589.994,560.256,150,1,884,131.907
244,1202.582,615.77,588.685,150,1,964,131.907
418,1424.911,604.932,599.149,150,1,966,131.907
262,949.275,592.857,604.263,150,1,1011,131.907
222,933.563,607.478,645.876,150,1,1035,131.907
189,993.894,621.052,624.613,150,1,1098,131.907
274,828.821,624.119,658.874,150,1,1131,131.907
280,764.243,614.025,684.301,150,1,1136,131.907
182,849.346,601.764,666.533,150,1,1144,131.907
236,750.508,590.523,631.995,150,1,1195,131.907
262,705.939,591.038,668.407,150,1,1197,131.907
320,622.947,602.543,706.375,150,1,1226,131.907
341,669.733,594.11,465.303,149,0,29,130.899
338,659.879,594.181,464.572,148,0,30,131.53
339,655.658,594.311,465.129,147,0,31,131.667
354,631.395,594.257,464.56,146,0,32,131.31
336,669.854,594.58,465.018,145,0,33,132.03
336,645.78,594.38,464.5,144,0,34,131.301
330,641.718,594.712,464.59,143,0,35,130.802
342,628.181,594.688,464.04,142,0,36,130.689
340,621.821,594.84,464.662,141,0,37,131.264
331,624.692,595.019,465.304,140,0,38,130.84
326,620.902,594.933,464.508,139,0,39,130.955
310,632.506,595.06,465.666,138,0,40,130.821
325,608.185,595.235,465.156,137,0,41,131.492
317,611.71,595.295,465.146,136,0,42,129.732
327,602.572,595.309,464.871,135,0,43,131.333
315,611.403,595.389,465.122,134,0,44,131.164
303,611.96,595.557,464.79,133,0,45,131.484
320,605.069,595.566,464.675,132,0,46,130.233
317,610.274,595.724,465.008,131,0,47,129.437
315,611.327,595.82,464.41,130,0,48,129.82
322,593.23,596.065,463.422,129,0,49,129.171
337,576.386,595.712,464.294,128,0,50,128.846
325,594.809,595.876,463.558,127,0,51,128.565
311,603.434,595.812,464.151,126,0,52,129.786
325,582.286,595.956,464.012,125,0,53,127.923
323,573.87,595.981,464.189,124,0,54,128.029
314,581.446,595.998,464.016,123,0,55,128.305
323,572.759,595.988,464.106,122,0,56,127.758
324,580.994,596.25,464.125,121,0,57,128.103
313,568.872,596.485,463.676,120,0,58,128.915
310,579.913,596.564,463.977,119,0,59,128.324
309,583.472,596.664,464.429,118,0,60,127.215
321,567.461,596.669,463.615,117,0,61,127.823
319,563.803,596.838,463.849,116,0,62,127.638
319,561,596.947,463.896,115,0,63,128.36
311,568.785,597.113,463.568,114,0,64,127.205
317,562.274,597.143,463.324,113,0,65,126.642
310,549.41,597.11,463.132,112,0,66,127.043
315,546.244,597.204,462.186,111,0,67,126.03
314,552.232,597.303,463.126,110,0,68,126.881
297,550.323,597.341,463.006,109,0,69,127.761
311,542.633,597.71,462.082,108,0,70,126.45
304,537.852,597.411,462.615,107,0,71,126.023
305,534.498,597.443,462.537,106,0,72,128.027
296,535.122,597.791,463.263,105,0,73,126.155
300,531.997,597.909,463.441,104,0,74,126.772
296,546.253,597.821,463.849,103,0,75,126.154
294,528.48,597.978,463.751,102,0,76,126.35
287,541.3,598.114,463.916,101,0,77,125.818
288,537.722,598.345,463.784,100,0,78,125.714
273,545.377,598.398,464.84,99,0,79,126.233
272,552.25,598.365,464.37,98,0,80,126.542
280,523.746,598.7,465.146,97,0,81,126.574
282,514.333,598.839,466.229,96,0,82,126.678
264,527.727,598.562,466.487,95,0,83,127.262
260,534.058,598.778,467.469,94,0,84,126.991
478,567.768,598.953,479.683,93,0,85,126.123
478,556.144,599.12,480.532,92,0,86,126.828
475,555.328,599.288,480.56,91,0,87,126.539
467,566.764,599.343,481.156,90,0,88,126.467
476,550.239,599.33,481.657,89,0,89,125.038
472,547.782,599.134,480.578,88,0,90,124.81
460,556.754,599.423,480.608,87,0,91,126.013
469,546.588,599.462,481.866,86,0,92,125.503
462,549.11,599.444,481.814,85,0,93,126.045
473,540.381,599.525,481.685,84,0,94,124.813
447,546.559,599.449,481.473,83,0,95,126.057
469,535.557,599.713,481.963,82,0,96,124.497
433,558.113,599.632,482.198,81,0,97,125.439
430,540.449,599.686,482.331,80,0,98,125.091
434,551.242,599.902,483.115,79,0,99,125.229
445,542.856,600.078,482.672,78,0,100,126.126
424,548.83,600.028,482.949,77,0,101,125.08
413,543.005,600.027,482.03,76,0,102,124.262
441,522.989,599.966,483.131,75,0,103,124.056
417,550.839,600.123,483.024,74,0,104,125.065
406,550.328,600.208,483.81,73,0,105,124.387
417,537.175,600.199,483.726,72,0,106,124.172
404,542.968,600.198,484.359,71,0,107,124.885
395,545.514,600.121,484.345,70,0,108,126.097
398,538.892,600.118,483.87,69,0,109,124.028
398,532.209,600.248,485.552,68,0,110,123.998
396,522.641,600.32,483.801,67,0,111,124.681
390,535.569,600.34,485.154,66,0,112,124.085
375,538.88,600.453,486.247,65,0,113,123.255
389,524.596,600.57,485.668,64,0,114,124.915
378,531.5,600.566,486.549,63,0,115,123.699
368,536.34,600.627,486.618,62,0,116,124.215
369,535.816,600.617,487.504,61,0,117,124.02
368,530.473,600.774,486.974,60,0,118,124.375
371,518.501,600.674,487.159,59,0,119,124.551
371,516.79,600.701,487.83,58,0,120,125.829
358,527.796,600.743,487.394,57,0,121,125.768
354,521.949,600.733,488.199,56,0,122,126.112
354,533.427,600.878,485.64,55,0,123,123.669
346,527.983,600.724,489.592,54,0,124,123.992
334,530.162,600.648,489.417,53,0,125,123.446
346,528.124,600.67,488.953,52,0,126,123.341
341,531.132,601.228,489.692,51,0,127,124.36
331,513.562,600.644,489.587,50,0,128,123.513
348,512.138,600.604,489.764,49,0,129,123.767
338,517.911,600.568,489.62,48,0,130,123.568
338,518.648,600.849,489.976,47,0,131,123.033
325,525.443,600.618,489.927,46,0,132,123.64
327,509.083,601.716,488.278,45,0,133,123.091
313,515.077,600.553,489.124,44,0,134,122.781
310,513.59,600.524,489.715,43,0,135,123.527
322,514.727,600.618,490.316,42,0,136,124.147
307,515.414,600.649,489.754,41,0,137,122.978
294,525.412,600.561,490.014,40,0,138,123.245
286,521.255,601.491,489.21,39,0,139,122.661
292,520.127,600.685,489.707,38,0,140,121.769
285,529.081,600.574,490.332,37,0,141,123.605
286,519.451,600.704,490.122,36,0,142,122.365
286,514.448,600.399,490.562,35,0,143,123.527
275,521.04,600.6,492.129,34,0,144,123.898
274,519.682,600.369,491.957,33,0,145,122.896
285,527.326,600.395,492.817,32,0,146,123.147
262,523.202,600.124,492.974,31,0,147,122.636
486,537.181,601.19,506.687,30,0,148,122.757
475,538.819,601.051,507.45,29,0,149,124.468
463,557.276,601.294,508.641,28,0,150,123.949
462,547.823,601.349,507.935,27,0,151,122.403
450,536.231,601.225,508.074,26,0,152,123.022
444,546.559,601.112,509.287,25,0,153,123.733
446,547.767,601.297,509.116,24,0,154,123.317
452,546.367,601.16,510.286,23,0,155,122.597
432,550.167,601.232,510.822,22,0,156,124.388
432,542.924,601.372,510.869,21,0,157,123.628
420,561.295,601.364,512.735,20,0,158,123.638
416,550.022,601.36,512.754,19,0,159,123.57
405,548.775,601.305,515.359,18,0,160,123.092
402,561.841,601.445,514.005,17,0,161,124.16
402,554.781,601.402,517.216,16,0,162,124.321
391,563.368,601.463,518.683,15,0,163,122.984
388,557.126,601.464,518.395,14,0,164,123.952
381,548.877,601.592,519.919,13,0,165,124.023
381,554.635,601.564,519.778,12,0,166,123.624
361,564.986,601.692,520.473,11,0,167,122.031
355,575.651,601.508,521.21,10,0,168,123.617
362,561.138,601.57,520.974,9,0,169,123.498
704,564.719,601.514,537.43,8,0,170,122.995
706,565.455,601.638,537.055,7,0,171,124.024
679,570.722,601.515,535.969,6,0,172,122.804
652,576.503,601.527,536.153,5,0,173,123.746
637,587.571,601.667,535.334,4,0,174,123.473
628,574.295,601.606,535.274,3,0,175,122.305
613,586.643,601.563,531.568,2,0,176,123.326
597,601.243,601.859,532.518,1,0,0,123.504
442,963.656,602.902,487.382,149,0,178,130.899
432,957.618,603.011,487.127,148,0,179,131.53
430,939.035,602.689,487.855,147,0,180,131.667
433,925.547,602.64,487.64,146,0,181,131.31
410,945.793,602.852,487.969,145,0,182,132.03
418,926.459,602.746,488.072,144,0,183,131.301
410,903.829,602.481,488.154,143,0,184,130.802
408,907.708,602.015,488.6,142,0,185,130.689
389,895.242,602.057,489.235,141,0,186,131.264
367,894.978,601.8,489.704,140,0,187,130.84
369,885.997,601.883,489.687,139,0,188,130.955
359,908.955,601.414,490.97,138,0,189,130.821
350,879.723,601.354,490.767,137,0,190,131.492
341,885.487,601.024,491.109,136,0,191,129.732
328,880.232,601.385,490.79,135,0,192,131.333
317,865.546,601.037,491.49,134,0,193,131.164
322,847.37,601.155,490.809,133,0,194,131.484
315,850.492,601.04,491.39,132,0,195,130.233
315,854.276,601.06,491.526,131,0,196,129.437
317,836.489,600.935,491.252,130,0,197,129.82
320,819.447,601.028,490.718,129,0,198,129.171
327,807.893,600.44,492.054,128,0,199,128.846
304,829.414,600.349,492.148,127,0,200,128.565
292,831.644,600.46,492.442,126,0,201,129.786
292,807.435,600.76,491.77,125,0,202,127.923
291,786.818,600.263,492.335,124,0,203,128.029
271,783.491,600.093,492.412,123,0,204,128.305
271,787.517,600.043,492.653,122,0,205,127.758
274,769.139,599.945,492.573,121,0,206,128.103
265,755.857,600.229,492.084,120,0,207,128.915
269,751.309,600.033,492.694,119,0,208,128.324
253,753.372,600.144,492.882,118,0,209,127.215
263,743.555,599.92,493.088,117,0,210,127.823
263,712.046,599.956,493.116,116,0,211,127.638
251,703.522,600.022,493.152,115,0,212,128.36
248,700.411,600.005,493.162,114,0,213,127.205
248,691.403,599.877,492.968,113,0,214,126.642
241,690.697,599.885,493.043,112,0,215,127.043
249,669.088,600.029,492.115,111,0,216,126.03
244,667.697,600.005,492.681,110,0,217,126.881
235,655.277,600.009,492.417,109,0,218,127.761
235,655.604,599.976,491.807,108,0,219,126.45
230,643.448,599.684,492.265,107,0,220,126.023
239,633.983,599.646,492.348,106,0,221,128.027
223,630.592,599.638,493.222,105,0,222,126.155
227,621.797,599.573,492.736,104,0,223,126.772
221,628.783,599.497,492.844,103,0,224,126.154
218,618.963,599.149,493.306,102,0,225,126.35
213,631.418,599.144,493.344,101,0,226,125.818
211,620.749,599.106,493.227,100,0,227,125.714
203,625.438,599.196,493.773,99,0,228,126.233
221,619.756,599.229,493.514,98,0,229,126.542
218,597.564,599.345,493.596,97,0,230,126.574
208,617.76,599.47,493.554,96,0,231,126.678
214,604.22,599.565,493.623,95,0,232,127.262
201,613.861,599.503,493.727,94,0,84,126.991
311,861.28,620.689,504.192,149,0,234,130.899
281,866.445,620.224,503.697,148,0,235,131.53
278,855.025,618.821,504.759,147,0,236,131.667
271,854.845,617.865,504.791,146,0,237,131.31
267,872.243,616.767,505.448,145,0,238,132.03
258,843.178,616.52,505.555,144,0,239,131.301
256,830.566,614.318,505.974,143,0,240,130.802
255,831.718,611.346,507.24,142,0,241,130.689
233,832.326,607.397,509.832,141,0,242,131.264
240,813.946,605.672,511.27,140,0,243,130.84
226,804.854,605.78,511.307,139,0,244,130.955
223,809.453,604.627,513.138,138,0,245,130.821
234,776.432,604.958,513.18,137,0,246,131.492
219,789.653,604.938,513.424,136,0,247,129.732
220,777.682,603.93,513.648,135,0,248,131.333
220,769.864,604.122,513.694,134,0,249,131.164
223,758.193,603.501,513.527,133,0,250,131.484
455,758.593,617.464,517.874,132,0,251,130.233
466,757.06,617.057,517.911,131,0,252,129.437
462,751.777,616.649,517.861,130,0,253,129.82
439,761.191,616.504,517.075,129,0,254,129.171
437,742.295,616.062,518.091,128,0,255,128.846
436,754.947,615.357,517.877,127,0,256,128.565
437,739.757,615.262,518.006,126,0,257,129.786
434,734.811,614.508,517.699,125,0,258,127.923
411,755.946,614.554,517.646,124,0,259,128.029
420,737.845,613.931,517.544,123,0,260,128.305
415,741.682,614.017,517.659,122,0,261,127.758
405,742.049,614.247,517.487,121,0,262,128.103
413,721.54,613.228,517.027,120,0,263,128.915
389,734.46,613.553,517.397,119,0,264,128.324
391,730.256,613.647,517.421,118,0,265,127.215
381,728.541,613.075,517.357,117,0,266,127.823
387,726.031,612.672,517.485,116,0,267,127.638
376,702.104,613.064,517.565,115,0,268,128.36
374,714.628,612.207,517.142,114,0,269,127.205
360,714.814,612.239,517.113,113,0,270,126.642
379,688.303,611.848,517.011,112,0,271,127.043
359,712.028,611.548,516.627,111,0,272,126.03
356,708.104,611.331,517.156,110,0,273,126.881
347,687.037,610.948,517.064,109,0,274,127.761
340,689.185,610.898,515.769,108,0,275,126.45
350,695.68,610.522,516.887,107,0,276,126.023
329,694.647,610.164,516.782,106,0,277,128.027
332,673.578,610.063,517.701,105,0,278,126.155
320,686.197,609.348,517.541,104,0,279,126.772
334,682.018,610.04,517.763,103,0,280,126.154
316,687.703,609.62,517.536,102,0,281,126.35
311,684.328,609.305,517.659,101,0,282,125.818
309,686.663,608.628,517.19,100,0,283,125.714
300,682.667,608.801,517.608,99,0,284,126.233
290,677.383,608.744,517.636,98,0,285,126.542
296,660.736,608.507,517.575,97,0,286,126.574
295,661.475,608.342,517.577,96,0,287,126.678
293,660.474,607.85,517.209,95,0,288,127.262
290,649.359,607.714,517.198,94,0,289,126.991
279,651.333,607.784,516.857,93,0,290,126.123
278,640.856,607.867,517.6,92,0,291,126.828
279,627.695,607.744,517.825,91,0,292,126.539
280,630.054,607.474,517.846,90,0,293,126.467
279,609.484,607.586,518.312,89,0,294,125.038
285,600.895,607.19,517.481,88,0,295,124.81
276,589.326,607.035,516.955,87,0,296,126.013
250,597.312,605.551,518.425,86,0,297,125.503
240,596.546,605.139,518.36,85,0,298,126.045
237,588.861,604.68,517.904,84,0,299,124.813
228,579.504,604.089,517.695,83,0,300,126.057
213,598.502,604.15,518.372,82,0,301,124.497
210,569.871,603.554,518.031,81,0,302,125.439
211,570.289,603.339,518.013,80,0,303,125.091
203,580.744,602.957,518.253,79,0,304,125.229
193,588.202,603.197,518.252,78,0,305,126.126
401,588.611,610.8,527.747,77,0,306,125.08
383,586.149,610.866,527.015,76,0,307,124.262
393,576.766,610.558,527.545,75,0,308,124.056
387,584.473,610.49,526.616,74,0,309,125.065
391,573.348,609.85,526.534,73,0,310,124.387
361,575.36,610.257,526.576,72,0,311,124.172
373,573.523,609.984,526.579,71,0,312,124.885
378,563.54,609.447,525.992,70,0,313,126.097
356,568.208,609.506,525.103,69,0,314,124.028
357,564.504,609.191,526.117,68,0,315,123.998
350,558.171,609.087,524.469,67,0,316,124.681
344,567.919,608.625,524.672,66,0,317,124.085
350,555.52,608.73,526,65,0,318,123.255
343,560.478,607.767,524.008,64,0,319,124.915
324,565.525,608.022,524.943,63,0,320,123.699
316,576.718,607.773,525.077,62,0,321,124.215
304,581.934,607.448,524.791,61,0,322,124.02
314,573.831,607.371,524.678,60,0,323,124.375
309,570.188,606.793,524.17,59,0,324,124.551
295,570.8,606.749,523.945,58,0,325,125.829
302,564.073,606.23,522.688,57,0,326,125.768
292,585.106,605.944,523.524,56,0,327,126.112
283,587.367,606.262,520.662,55,0,328,123.669
283,574.35,605.765,524.299,54,0,329,123.992
287,578.666,605.82,524.247,53,0,330,123.446
271,578.908,605.564,522.864,52,0,331,123.341
272,582.86,605.799,523.381,51,0,332,124.36
257,583,604.887,523.402,50,0,333,123.513
279,568.505,604.623,523.358,49,0,334,123.767
257,585.346,604.492,522.711,48,0,335,123.568
259,578.205,604.353,523.287,47,0,336,123.033
263,579.118,603.775,522.413,46,0,337,123.64
256,570.168,604.872,521.052,45,0,338,123.091
255,567.529,603.298,521.55,44,0,339,122.781
249,576.771,603.377,521.763,43,0,340,123.527
252,576.302,603.254,521.635,42,0,341,124.147
252,571.389,602.836,521.027,41,0,342,122.978
240,566.562,602.739,521.038,40,0,343,123.245
237,560.152,603.01,519.584,39,0,344,122.661
239,559.674,602.197,519.885,38,0,345,121.769
236,563.013,601.986,520.545,37,0,346,123.605
242,552.876,602.046,520.389,36,0,347,122.365
235,551.515,601.882,520.414,35,0,348,123.527
227,566.379,601.747,521.606,34,0,349,123.898
222,566.662,601.761,520.848,33,0,350,122.896
218,589.991,601.867,520.892,32,0,351,123.147
203,572.182,602.024,519.709,31,0,147,122.636
255,976.537,624.01,530.453,149,0,353,130.899
246,982.488,623.739,530.277,148,0,354,131.53
247,973.547,623.123,530.89,147,0,355,131.667
242,981.764,622.761,530.807,146,0,356,131.31
253,978.625,622.699,531.078,145,0,357,132.03
248,976.835,622.66,530.695,144,0,358,131.301
234,958.491,622.089,530.081,143,0,359,130.802
234,969.56,622.289,530.725,142,0,360,130.689
229,948.341,622.186,531.411,141,0,361,131.264
232,940.543,622.205,531.976,140,0,362,130.84
228,931.478,622.645,532.16,139,0,363,130.955
222,947.054,622.817,533.754,138,0,364,130.821
223,916.031,622.799,533.657,137,0,365,131.492
503,866.841,635.602,547.344,136,0,366,129.732
501,876.361,634.945,547.38,135,0,367,131.333
488,869.086,634.344,546.933,134,0,368,131.164
464,866.89,634.174,546.313,133,0,369,131.484
456,864.925,633.555,546.044,132,0,370,130.233
458,867.686,633.465,546.119,131,0,371,129.437
441,869.943,632.733,545.685,130,0,372,129.82
440,858.993,631.666,544.429,129,0,373,129.171
423,874.615,630.509,545.162,128,0,374,128.846
415,862.973,630.021,545.099,127,0,375,128.565
414,856.435,628.871,545.153,126,0,376,129.786
397,849.542,628.159,545.106,125,0,377,127.923
416,828.137,627.542,545.507,124,0,378,128.029
408,808.039,627.245,545.451,123,0,379,128.305
394,812.53,626.66,545.016,122,0,380,127.758
380,806.871,626.14,544.443,121,0,381,128.103
360,810.883,624.823,543.054,120,0,382,128.915
358,809.587,623.737,542.916,119,0,383,128.324
346,814.922,623.528,542.764,118,0,384,127.215
332,803.202,622.671,542.193,117,0,385,127.823
313,811.978,621.81,541.872,116,0,386,127.638
320,792.156,621.528,542.185,115,0,387,128.36
314,809.019,621.065,541.848,114,0,388,127.205
313,789.594,620.944,541.795,113,0,389,126.642
301,782.103,620.478,542.041,112,0,390,127.043
283,772.855,619.961,541.969,111,0,391,126.03
282,793.401,619.304,542.379,110,0,392,126.881
281,765.601,619.515,542.77,109,0,393,127.761
282,760.312,619.558,541.568,108,0,394,126.45
274,749.675,619.486,542.895,107,0,395,126.023
273,740.231,619.34,542.323,106,0,396,128.027
264,734.367,619.481,543.508,105,0,397,126.155
262,731.275,619.333,543.453,104,0,398,126.772
268,726.526,619.614,544.235,103,0,399,126.154
250,728.024,619.629,543.542,102,0,400,126.35
253,727.059,619.615,543.985,101,0,401,125.818
242,724.008,619.181,543.125,100,0,402,125.714
238,716.992,619.366,543.443,99,0,403,126.233
242,726.698,619.437,543.4,98,0,404,126.542
239,695.941,619.127,543.21,97,0,405,126.574
230,702.661,619.319,543.616,96,0,406,126.678
234,699.299,619.025,542.968,95,0,407,127.262
232,686.716,618.826,543.218,94,0,408,126.991
231,671.333,619.026,542.787,93,0,409,126.123
224,675.29,618.854,543.487,92,0,410,126.828
221,662.661,619.076,543.343,91,0,411,126.539
226,667.646,619.259,543.408,90,0,412,126.467
232,650.871,619.07,543.9,89,0,413,125.038
229,627.485,618.846,542.95,88,0,414,124.81
220,631.864,619.121,542.735,87,0,415,126.013
225,622.169,619.198,543.721,86,0,416,125.503
217,629.023,619.35,543.72,85,0,417,126.045
215,617.228,619.57,542.066,84,0,418,124.813
209,596.756,619.428,541.626,83,0,419,126.057
204,612.319,619.128,541.024,82,0,420,124.497
200,611.945,618.853,540.334,81,0,421,125.439
202,598.327,619.049,539.34,80,0,422,125.091
207,583.662,618.942,539.16,79,0,423,125.229
194,585.804,618.701,538.604,78,0,305,126.126
250,882.544,635.355,524.448,149,0,425,130.899
237,876.975,634.965,523.688,148,0,426,131.53
255,829.694,635.05,524.615,147,0,427,131.667
239,865.481,634.134,523.476,146,0,428,131.31
234,841.064,634.69,524.116,145,0,429,132.03
239,838.912,634.511,523.494,144,0,430,131.301
253,811.589,634.688,523.464,143,0,431,130.802
245,822.571,634.598,523.158,142,0,432,130.689
246,814.13,634.33,523.477,141,0,433,131.264
261,765.061,634.68,523.422,140,0,434,130.84
259,761.653,634.513,522.834,139,0,435,130.955
269,771.286,633.818,523.16,138,0,436,130.821
249,759.602,633.718,522.565,137,0,437,131.492
239,758.389,633.135,522.258,136,0,438,129.732
247,758.676,632.014,521.807,135,0,439,131.333
236,751.233,631.827,521.912,134,0,440,131.164
243,752.444,630.825,521.231,133,0,250,131.484
318,889.77,652.888,563.214,149,0,442,130.899
310,899.748,652.579,563.225,148,0,443,131.53
303,881.934,651.583,562.901,147,0,444,131.667
311,889.405,650.851,562.166,146,0,445,131.31
300,887.09,650.434,562.018,145,0,446,132.03
288,907.812,649.8,561.414,144,0,447,131.301
291,874.9,649.452,560.498,143,0,448,130.802
292,880.469,648.919,560.2,142,0,449,130.689
292,865.856,648.862,560.536,141,0,450,131.264
280,866.332,648.371,560.329,140,0,451,130.84
288,844.333,648.55,559.997,139,0,452,130.955
275,857.698,647.814,560.388,138,0,453,130.821
267,836.464,647.421,559.486,137,0,365,131.492
279,1085.602,633.526,559.179,149,0,455,130.899
275,1093.247,632.521,558.422,148,0,456,131.53
272,1080.478,631.398,558.298,147,0,457,131.667
268,1087.228,630.814,557.632,146,0,458,131.31
266,1084.977,630.688,557.755,145,0,459,132.03
259,1077.83,630.509,557.539,144,0,460,131.301
262,1054.019,630.946,557.365,143,0,461,130.802
255,1056.608,630.862,557.451,142,0,462,130.689
241,1049.863,630.671,557.661,141,0,463,131.264
244,1044.533,629.805,557.27,140,0,464,130.84
245,1038.22,628.228,554.968,139,0,465,130.955
478,1007.41,615.07,543.912,138,0,466,130.821
471,979.051,614.364,543.423,137,0,467,131.492
458,968.616,613.769,543.075,136,0,468,129.732
449,964.096,612.829,542.841,135,0,469,131.333
425,956.511,612.101,541.976,134,0,470,131.164
434,949.025,612.106,541.676,133,0,471,131.484
420,921.771,611.3,541.426,132,0,472,130.233
408,928.419,610.949,541.208,131,0,473,129.437
402,902.047,610.412,541.036,130,0,474,129.82
387,894.103,610.341,540.285,129,0,1243,129.171
431,844.267,659.487,587.424,149,0,476,130.899
433,821.222,659.92,587.046,148,0,477,131.53
414,815.758,659.323,587.29,147,0,478,131.667
421,806.356,658.88,586.666,146,0,479,131.31
424,801.097,659.139,586.985,145,0,480,132.03
407,808.668,658.181,586.344,144,0,481,131.301
388,807.5,657.27,585.714,143,0,482,130.802
381,800.549,656.737,585.599,142,0,483,130.689
358,805.302,656.104,586.09,141,0,484,131.264
358,799.162,655.569,586.067,140,0,485,130.84
359,773.265,655.808,585.577,139,0,486,130.955
354,770.912,655.072,585.91,138,0,487,130.821
356,747.042,654.55,584.905,137,0,488,131.492
327,758.789,653.243,583.988,136,0,489,129.732
330,753.318,652.068,583.695,135,0,490,131.333
314,732.736,650.405,583.432,134,0,491,131.164
304,737.414,648.838,582.156,133,0,492,131.484
288,754.688,646.551,581.846,132,0,493,130.233
276,760.96,643.696,581.554,131,0,494,129.437
261,778.579,642.456,580.61,130,0,495,129.82
260,764.588,641.457,579.985,129,0,496,129.171
249,751.076,640.379,580.24,128,0,497,128.846
248,757.234,639.185,579.082,127,0,498,128.565
231,732.113,638.437,579.428,126,0,499,129.786
235,732.591,637.498,578.653,125,0,500,127.923
220,722.686,636.779,579.307,124,0,501,128.029
221,715.081,635.525,578.83,123,0,502,128.305
223,711.296,633.916,578.243,122,0,503,127.758
197,718.721,631.705,577.645,121,0,504,128.103
211,717.886,630.936,576.653,120,0,505,128.915
192,723.24,630.075,576.434,119,0,506,128.324
416,678.651,633.87,589.653,118,0,507,127.215
420,669.736,633.356,588.844,117,0,508,127.823
415,671.525,633.11,588.396,116,0,509,127.638
408,673.184,632.702,587.584,115,0,510,128.36
414,674.353,632.611,586.483,114,0,511,127.205
410,669.183,632.331,586.349,113,0,512,126.642
391,657.821,631.855,585.607,112,0,513,127.043
391,644.739,631.674,584.005,111,0,514,126.03
392,647.997,631.309,584.105,110,0,515,126.881
392,637.298,631.038,583.56,109,0,516,127.761
374,640.209,631.213,582.417,108,0,517,126.45
369,638.867,630.681,583.507,107,0,518,126.023
390,623.674,630.838,582.689,106,0,519,128.027
376,614.803,630.668,582.084,105,0,520,126.155
366,617.451,630.376,582.43,104,0,521,126.772
343,637.755,630.052,581.057,103,0,522,126.154
327,643.933,629.487,579.909,102,0,523,126.35
305,650.774,629.114,579.785,101,0,524,125.818
295,661.522,628.013,578.339,100,0,525,125.714
301,649.133,627.621,578.874,99,0,526,126.233
291,660.162,627.178,578.21,98,0,527,126.542
298,636.346,626.262,577.796,97,0,528,126.574
279,651.652,625.822,576.925,96,0,529,126.678
291,629.11,625.315,577.312,95,0,530,127.262
276,637.326,625.275,576.728,94,0,531,126.991
274,635.891,624.344,576.705,93,0,532,126.123
267,634.131,623.981,577.102,92,0,533,126.828
261,633.272,622.244,577.634,91,0,534,126.539
261,641.575,621.55,577.271,90,0,535,126.467
246,649.829,620.306,577.732,89,0,536,125.038
229,656.393,618.904,577.133,88,0,537,124.81
223,659.493,618.006,576.312,87,0,538,126.013
500,624.886,615.314,592.945,86,0,539,125.503
467,624.518,615.044,592.721,85,0,540,126.045
475,605.162,615.088,590.762,84,0,541,124.813
463,595.527,614.986,590.225,83,0,542,126.057
439,596.793,614.979,589.804,82,0,543,124.497
432,596.738,614.732,589.225,81,0,544,125.439
424,591.809,614.982,588.006,80,0,545,125.091
412,597.083,614.943,586.887,79,0,546,125.229
394,603.094,614.767,584.297,78,0,547,126.126
365,603.389,614.69,582.412,77,0,548,125.08
345,629.301,614.214,578.765,76,0,549,124.262
354,599.734,614.247,577.271,75,0,550,124.056
331,628.335,613.945,576.029,74,0,551,125.065
322,611.851,613.793,575.565,73,0,552,124.387
314,614.58,613.658,573.784,72,0,553,124.172
592,607.789,607.43,556.642,71,0,554,124.885
595,602.6,607.38,556.271,70,0,555,126.097
583,602.175,606.97,554.294,69,0,556,124.028
563,590.659,606.926,555.043,68,0,557,123.998
543,599.691,606.325,552.336,67,0,558,124.681
532,594.912,606.175,552.636,66,0,559,124.085
519,595.526,606.066,553.134,65,0,560,123.255
507,602.98,605.66,551.7,64,0,561,124.915
487,598.922,605.479,551.877,63,0,562,123.699
464,616.573,605.062,551.438,62,0,563,124.215
461,622.156,604.835,550.656,61,0,564,124.02
446,618.41,604.549,550.297,60,0,565,124.375
442,606.249,604.464,550.242,59,0,566,124.551
442,604.552,604.179,549.897,58,0,567,125.829
429,606.485,604.153,549.023,57,0,568,125.768
418,617.835,604.231,550.155,56,0,569,126.112
424,606.917,604.329,547.381,55,0,570,123.669
423,602.563,603.8,550.676,54,0,571,123.992
393,615.389,603.524,550.374,53,0,572,123.446
396,606.051,603.08,548.564,52,0,573,123.341
374,617.965,603.623,548.997,51,0,574,124.36
377,608.286,602.745,548.94,50,0,575,123.513
367,610.057,602.551,549.277,49,0,576,123.767
363,618.449,602.487,548.851,48,0,577,123.568
354,603.621,602.469,549.325,47,0,578,123.033
332,613.852,602.315,549.128,46,0,579,123.64
350,590.809,603.484,547.843,45,0,580,123.091
341,595.021,601.994,548.844,44,0,581,122.781
327,599.336,601.709,549.428,43,0,582,123.527
327,596.609,601.703,549.814,42,0,583,124.147
320,590.456,601.588,549.581,41,0,584,122.978
308,587.89,601.425,549.655,40,0,585,123.245
289,590.706,602.138,548.967,39,0,586,122.661
294,592.187,601.31,549.494,38,0,587,121.769
293,588.447,601.476,550.084,37,0,588,123.605
290,590.959,601.478,550.303,36,0,589,122.365
287,582.052,601.377,550.965,35,0,590,123.527
277,598.105,601.476,551.708,34,0,591,123.898
264,573.477,601.496,550.024,33,0,592,122.896
272,582.835,601.498,550.732,32,0,593,123.147
278,565.04,601.451,549.195,31,0,594,122.636
270,568.163,601.504,550.656,30,0,595,122.757
253,577.352,601.456,549.578,29,0,596,124.468
562,554.536,600.978,565.016,28,0,597,123.949
552,545.946,600.911,563.371,27,0,598,122.403
529,546.193,601.085,561.552,26,0,599,123.022
528,541.725,601.359,562.049,25,0,600,123.733
503,545.314,601.217,561.322,24,0,601,123.317
483,546.503,601.357,560.886,23,0,602,122.597
468,541.581,601.317,561.05,22,0,1230,124.388
176,813.545,651.385,608.238,149,0,604,130.899
186,801.215,651.035,607.891,148,0,605,131.53
388,765.126,647.368,620.767,147,0,606,131.667
383,764.008,647.243,619.797,146,0,607,131.31
371,773.628,646.844,620.282,145,0,608,132.03
369,770.558,646.477,619.496,144,0,609,131.301
340,762.218,646.309,618.409,143,0,610,130.802
356,762.242,645.715,618.993,142,0,611,130.689
346,756.318,645.193,619.212,141,0,612,131.264
354,744.342,644.566,619.107,140,0,613,130.84
340,734.856,643.536,618.117,139,0,614,130.955
324,732.5,643.15,618.604,138,0,615,130.821
347,707.187,642.81,617.897,137,0,616,131.492
333,715.745,642.337,617.96,136,0,617,129.732
334,703.308,641.525,618.336,135,0,618,131.333
324,695.96,641.284,617.711,134,0,619,131.164
318,686.308,640.921,617.196,133,0,620,131.484
305,679.43,640.58,617.535,132,0,621,130.233
304,680.191,639.963,617.859,131,0,622,129.437
303,671.842,639.925,616.974,130,0,623,129.82
280,659.225,640.224,615.429,129,0,624,129.171
280,662.461,640.209,615.537,128,0,625,128.846
280,655.432,640.266,614.547,127,0,626,128.565
278,639.313,640.294,614.196,126,0,627,129.786
278,634.399,640.489,613.124,125,0,628,127.923
272,636.029,640.361,612.64,124,0,629,128.029
266,621.508,640.396,611.285,123,0,630,128.305
259,616.907,640.677,610.732,122,0,631,127.758
256,628.449,640.556,608.741,121,0,632,128.103
243,615.272,640.177,605.927,120,0,633,128.915
233,629.069,639.14,604.245,119,0,506,128.324
188,986.66,639.961,604.556,149,0,635,130.899
188,952.404,639.785,604.325,148,0,636,131.53
188,931.755,639.39,603.931,147,0,637,131.667
372,899.196,635.875,616.75,146,0,638,131.31
354,918.017,635.711,616.249,145,0,639,132.03
344,915.695,635.653,614.271,144,0,640,131.301
340,920.956,635.625,612.952,143,0,641,130.802
306,915.206,635.666,611.621,142,0,642,130.689
298,904.523,635.514,610.499,141,0,643,131.264
283,910.452,635.161,609.391,140,0,644,130.84
285,890.351,634.597,607.739,139,0,645,130.955
275,897.971,635.375,606,138,0,646,130.821
276,871.475,635.136,604.485,137,0,647,131.492
266,868.594,635.047,603.757,136,0,648,129.732
265,855.313,634.76,603.749,135,0,649,131.333
248,854.593,634.531,602.623,134,0,650,131.164
244,850.139,633.766,601.972,133,0,651,131.484
230,854.7,632.822,602.12,132,0,652,130.233
218,863.826,631.21,602.116,131,0,653,129.437
208,857.087,630.562,600.631,130,0,654,129.82
212,839.991,630.243,600.321,129,0,655,129.171
216,840.542,629.688,601.49,128,0,656,128.846
207,855.005,629.461,600.567,127,0,657,128.565
205,839.971,629.528,600.898,126,0,658,129.786
202,818.203,629.275,601.243,125,0,659,127.923
195,793.067,628.994,601.299,124,0,660,128.029
199,766.492,628.585,601.629,123,0,661,128.305
197,766.538,628.075,602.124,122,0,662,127.758
208,769.856,626.816,601.668,121,0,663,128.103
200,764.585,626.065,601.42,120,0,664,128.915
192,770.693,625.382,601.481,119,0,665,128.324
178,778.067,624.49,600.332,118,0,666,127.215
177,775.271,623.271,598.336,117,0,667,127.823
153,779.843,622.862,597.537,116,0,668,127.638
152,755.362,622.245,597.023,115,0,669,128.36
309,782.586,618.069,582.281,114,0,670,127.205
290,777.721,617.735,581.351,113,0,671,126.642
286,760.031,617.256,580.559,112,0,672,127.043
282,768.121,617.049,579.224,111,0,673,126.03
260,770.585,616.56,578.131,110,0,674,126.881
255,774.141,616.172,576.759,109,0,675,127.761
253,773,616.294,574.603,108,0,676,126.45
242,760.24,615.662,574.592,107,0,677,126.023
242,764.479,615.562,573.792,106,0,678,128.027
237,756.506,615.474,574.229,105,0,679,126.155
227,747.559,615.532,574.009,104,0,680,126.772
222,763.009,615.043,572.668,103,0,681,126.154
224,744.589,614.597,571.832,102,0,682,126.35
208,749.808,614.331,570.84,101,0,683,125.818
201,747.92,613.755,569.302,100,0,684,125.714
197,753.386,613.251,568.005,99,0,685,126.233
193,761.834,612.819,566.427,98,0,686,126.542
191,745,612.213,564.562,97,0,687,126.574
180,754.233,612.432,563.722,96,0,688,126.678
179,744.832,612.693,562.624,95,0,689,127.262
178,737.169,612.288,562.523,94,0,690,126.991
176,720.693,612.416,560.727,93,0,691,126.123
181,716.807,611.627,560.265,92,0,692,126.828
392,663.02,605.189,546.091,91,0,693,126.539
370,674.297,605.244,545.512,90,0,694,126.467
372,665.242,604.317,544.61,89,0,695,125.038
355,668.177,604.123,543.912,88,0,696,124.81
357,660.118,603.789,542.727,87,0,697,126.013
355,660.91,603.591,542.99,86,0,698,125.503
339,658.847,603.591,542.472,85,0,699,126.045
338,643.831,603.521,541.2,84,0,700,124.813
336,642.824,603.557,541.223,83,0,701,126.057
340,630.312,603.572,541.629,82,0,702,124.497
321,633.1,603.46,541.223,81,0,703,125.439
334,614.575,603.221,541.114,80,0,704,125.091
320,626.866,603.053,541.43,79,0,705,125.229
323,619.817,602.266,540.344,78,0,706,126.126
308,623.971,602.152,539.954,77,0,707,125.08
294,633.378,601.794,538.48,76,0,708,124.262
287,614.317,600.936,537.901,75,0,709,124.056
291,631.698,600.627,537.457,74,0,710,125.065
278,621.514,600.752,538.462,73,0,711,124.387
281,613.192,600.771,538.047,72,0,553,124.172
206,748.073,644.072,635.877,149,0,713,130.899
196,725.995,644.337,634.535,148,0,605,131.53
200,919.61,631.538,635.17,149,0,715,130.899
192,901.677,632.251,634.544,148,0,716,131.53
190,892.863,632.249,633.205,147,0,637,131.667
324,1049.497,625.34,579.895,149,0,718,130.899
313,1041.393,625.633,580.214,148,0,719,131.53
308,1045.994,625.818,581.684,147,0,720,131.667
301,1041.508,625.9,581.878,146,0,721,131.31
293,1051.119,626.192,582.202,145,0,722,132.03
284,1042.634,626.311,581.987,144,0,723,131.301
290,1029.466,626.066,581.222,143,0,724,130.802
288,1010.135,626.164,581.57,142,0,725,130.689
285,1015.4,626.064,581.461,141,0,726,131.264
273,998.073,626.033,581.875,140,0,727,130.84
269,976.866,625.941,581.146,139,0,728,130.955
273,965.326,626.082,582.604,138,0,729,130.821
252,954.21,625.805,581.571,137,0,730,131.492
272,938.688,625.88,582.429,136,0,731,129.732
255,928.027,625.613,583.334,135,0,732,131.333
278,911.701,625.381,583.117,134,0,733,131.164
262,909.901,625.306,582.182,133,0,734,131.484
267,902.352,624.96,582.063,132,0,735,130.233
243,925.045,624.151,581.183,131,0,736,129.437
226,920.805,623.342,579.88,130,0,737,129.82
225,908.538,622.34,579.235,129,0,738,129.171
209,897.1,621.826,579.854,128,0,739,128.846
205,907.917,621.531,579.585,127,0,740,128.565
209,892.909,620.757,579.374,126,0,741,129.786
190,883.263,620.29,579.784,125,0,742,127.923
201,862.746,619.729,579.868,124,0,743,128.029
190,848.932,618.72,579.043,123,0,744,128.305
188,855.521,617.967,577.054,122,0,745,127.758
175,857.834,616.641,573.28,121,0,746,128.103
171,847.673,616.398,572.606,120,0,747,128.915
152,851.105,616.129,572.706,119,0,748,128.324
156,870.917,615.873,572.18,118,0,749,127.215
152,843.309,615.304,571.795,117,0,750,127.823
160,828.875,615.376,571.954,116,0,751,127.638
149,812.174,615.148,572.141,115,0,669,128.36
267,1096.408,605.719,527.111,149,0,753,130.899
272,1072.471,605.441,526.179,148,0,754,131.53
273,1042.52,604.469,526.591,147,0,755,131.667
265,1037.034,603.81,526.205,146,0,756,131.31
272,1044.607,603.353,526.506,145,0,757,132.03
269,1023.461,603.332,527.354,144,0,758,131.301
269,978.621,603.423,528.155,143,0,759,130.802
267,981.577,603.236,529.197,142,0,760,130.689
263,966.947,603.982,531.232,141,0,761,131.264
255,966.035,603.248,531.259,140,0,762,130.84
253,936.644,602.056,530.205,139,0,465,130.955
392,1051.487,600.122,543.631,149,0,764,130.899
402,1026.463,600.43,543.993,148,0,765,131.53
607,1070.051,606.094,560.361,147,0,766,131.667
592,1075.747,606.45,560.814,146,0,767,131.31
580,1076.429,606.365,560.912,145,0,768,132.03
566,1074.284,606.883,561.763,144,0,769,131.301
555,1046.643,606.658,561.47,143,0,770,130.802
547,1052.534,607.181,562.344,142,0,771,130.689
540,1033.731,606.896,562.36,141,0,772,131.264
517,1019.074,606.643,561.5,140,0,773,130.84
502,1007.436,606.758,561.68,139,0,774,130.955
497,1017.398,606.762,562.572,138,0,775,130.821
479,1002.91,606.23,561.527,137,0,776,131.492
474,994.203,605.815,560.975,136,0,777,129.732
455,987.686,605.357,560.086,135,0,778,131.333
444,960.601,605.06,559.617,134,0,779,131.164
448,956.772,604.748,558.643,133,0,780,131.484
438,951.025,604.131,558.018,132,0,781,130.233
444,939.25,603.577,557.895,131,0,782,129.437
430,938.977,603.214,557.236,130,0,783,129.82
427,920.958,602.799,555.902,129,0,784,129.171
402,919.182,602.335,556.207,128,0,785,128.846
391,921.174,601.944,555.782,127,0,786,128.565
382,899.374,601.317,555.168,126,0,787,129.786
381,894.375,601.101,554.7,125,0,788,127.923
360,891.758,600.725,554.685,124,0,789,128.029
356,884.472,599.806,553.791,123,0,790,128.305
345,890.774,599.152,553.463,122,0,791,127.758
343,885.7,598.165,553.01,121,0,792,128.103
331,874.393,597.778,552.545,120,0,793,128.915
330,880.948,597.504,552.916,119,0,794,128.324
317,866.984,597.118,552.468,118,0,795,127.215
314,859.927,597.056,552.712,117,0,796,127.823
304,860.888,597.162,553.191,116,0,797,127.638
302,833.589,596.713,552.622,115,0,798,128.36
297,845.323,596.435,552.237,114,0,799,127.205
297,825.034,596.34,552.663,113,0,800,126.642
293,791.932,596.057,552.518,112,0,801,127.043
282,799.468,596.239,551.654,111,0,802,126.03
283,790.261,596.527,551.791,110,0,803,126.881
264,785.318,596.443,552.259,109,0,804,127.761
261,773.816,596.644,550.753,108,0,805,126.45
267,759.483,596.148,551.279,107,0,806,126.023
256,747.758,596.336,551.392,106,0,807,128.027
257,747.047,596.23,552.347,105,0,808,126.155
457,790.891,600.588,566.627,104,0,809,126.772
450,804.051,600.351,565.85,103,0,810,126.154
438,784.5,600.116,565.522,102,0,811,126.35
434,801.988,599.977,565.286,101,0,812,125.818
424,793.25,599.779,564.978,100,0,813,125.714
412,780.044,599.878,565.727,99,0,814,126.233
401,792.097,599.793,564.979,98,0,815,126.542
398,771.663,599.733,565.006,97,0,816,126.574
393,767.529,599.68,564.437,96,0,817,126.678
393,748.44,599.896,564.242,95,0,818,127.262
377,743.146,599.769,564.16,94,0,819,126.991
383,745.966,599.735,564.088,93,0,820,126.123
367,740.921,599.755,564.591,92,0,821,126.828
357,746.499,599.497,564.001,91,0,822,126.539
346,756.844,599.352,562.802,90,0,823,126.467
342,749.205,599.375,563.784,89,0,824,125.038
345,752.806,599.114,563.334,88,0,825,124.81
341,741.49,598.792,562.233,87,0,826,126.013
338,738.796,598.521,563.565,86,0,827,125.503
336,738.31,598.258,563.218,85,0,828,126.045
329,722.587,598.349,562.637,84,0,829,124.813
336,708.744,598.09,562.921,83,0,830,126.057
330,688.945,598.199,563.387,82,0,831,124.497
320,701.012,598.223,563.151,81,0,832,125.439
317,696.811,598.278,563.63,80,0,833,125.091
302,714.735,598.411,563.961,79,0,834,125.229
299,702.261,598.158,563.661,78,0,835,126.126
292,694.822,598.268,564.501,77,0,836,125.08
283,711.936,598.039,563.645,76,0,837,124.262
283,690.781,598.171,564.657,75,0,838,124.056
277,688.599,597.96,565.005,74,0,839,125.065
269,674.379,598.182,565.927,73,0,840,124.387
261,670.341,598.091,565.86,72,0,841,124.172
267,663.689,598.229,566.571,71,0,842,124.885
261,660.023,598.074,567.313,70,0,843,126.097
606,607.629,598.339,585.479,69,0,844,124.028
613,588.481,598.605,587.175,68,0,845,123.998
568,604.134,598.399,584.463,67,0,846,124.681
556,601.144,598.518,585.694,66,0,847,124.085
552,603.13,598.81,586.847,65,0,848,123.255
509,617.228,598.76,585.685,64,0,849,124.915
507,610.122,598.883,586.52,63,0,850,123.699
492,608.303,598.968,586.686,62,0,851,124.215
498,599.904,599.092,586.514,61,0,852,124.02
498,595.233,598.976,586.62,60,0,853,124.375
485,581.53,599.044,587.128,59,0,854,124.551
486,567.175,599.173,586.936,58,0,855,125.829
489,576.303,599.185,585.867,57,0,856,125.768
477,586.063,599.202,586.636,56,0,857,126.112
473,577.178,599.51,584.421,55,0,858,123.669
450,582.38,599.443,588.343,54,0,859,123.992
457,569.646,599.536,588.162,53,0,860,123.446
447,572.271,599.737,587.106,52,0,861,123.341
418,577.811,600.299,588.092,51,0,862,124.36
423,566.915,599.513,588.24,50,0,863,123.513
435,554.343,599.753,588.303,49,0,864,123.767
413,562.08,599.776,587.909,48,0,865,123.568
422,543.751,599.922,588.646,47,0,866,123.033
428,542.498,599.845,588.011,46,0,867,123.64
407,542.55,601.104,586.721,45,0,868,123.091
402,549.694,599.885,587.482,44,0,869,122.781
394,547.239,600.096,587.949,43,0,870,123.527
389,544.424,600.059,588.25,42,0,871,124.147
381,540.564,600.066,587.667,41,0,872,122.978
367,543.507,600.415,586.801,40,0,873,123.245
358,544.475,601.199,585.596,39,0,874,122.661
347,544.816,600.573,585.785,38,0,875,121.769
337,542.309,600.509,586.045,37,0,876,123.605
341,538.554,600.682,585.41,36,0,877,122.365
324,538.343,600.566,585.458,35,0,878,123.527
327,546.642,600.822,586.121,34,0,879,123.898
344,523.407,600.561,584.028,33,0,880,122.896
317,528.265,600.575,583.635,32,0,881,123.147
320,505.484,600.476,581.85,31,0,882,122.636
287,525.728,600.472,582.007,30,0,883,122.757
296,522.757,600.43,580.068,29,0,596,124.468
285,834.021,589.766,560.162,149,0,885,130.899
277,854.397,590.186,559.791,148,0,886,131.53
276,829.605,590.298,561.046,147,0,887,131.667
276,845.909,590.361,561.368,146,0,888,131.31
268,845.813,590.712,561.824,145,0,889,132.03
265,838.789,590.635,562.166,144,0,890,131.301
256,810.262,590.826,561.821,143,0,891,130.802
255,824.58,590.909,562.182,142,0,892,130.689
257,801.521,590.94,563.364,141,0,893,131.264
246,811.11,591.218,563.9,140,0,894,130.84
233,806.416,591.513,563.678,139,0,895,130.955
230,807.352,591.483,565.453,138,0,896,130.821
229,783.541,591.297,565.448,137,0,897,131.492
216,787.023,591.511,565.876,136,0,898,129.732
223,790.978,591.77,566.7,135,0,899,131.333
221,778.534,591.813,566.292,134,0,900,131.164
217,785.41,591.921,566.83,133,0,901,131.484
206,771.709,592.08,567.669,132,0,902,130.233
210,785.938,591.954,568.759,131,0,903,129.437
197,788.711,592.07,569.081,130,0,904,129.82
188,780.362,592.337,568.628,129,0,905,129.171
194,774.706,592.146,570.198,128,0,906,128.846
196,777.071,591.995,571.092,127,0,907,128.565
190,761.016,592.214,571.633,126,0,908,129.786
363,778.309,592.755,586.984,125,0,909,127.923
369,768.957,592.934,587.555,124,0,910,128.029
364,770.791,593.124,588.641,123,0,911,128.305
350,768.546,593.058,588.857,122,0,912,127.758
339,787.817,593.313,590.142,121,0,913,128.103
336,769.714,593.481,590.158,120,0,914,128.915
333,771.024,593.423,591.619,119,0,915,128.324
330,768.994,593.611,591.483,118,0,916,127.215
313,772.447,593.799,591.364,117,0,917,127.823
320,757.231,593.883,592.448,116,0,918,127.638
325,741.508,593.953,592.53,115,0,919,128.36
311,756.823,594.084,591.846,114,0,920,127.205
299,768.595,594.163,592.26,113,0,921,126.642
303,748.069,594.335,592.498,112,0,922,127.043
300,750.3,594.302,591.159,111,0,923,126.03
310,733.881,594.495,592.797,110,0,924,126.881
289,742.035,594.568,592.985,109,0,925,127.761
293,751.823,595.132,592.117,108,0,926,126.45
295,725.505,594.687,593.231,107,0,927,126.023
281,721.292,594.789,592.799,106,0,928,128.027
273,726.209,594.989,593.148,105,0,929,126.155
272,721.529,594.96,593.595,104,0,930,126.772
275,720.585,595.081,593.461,103,0,931,126.154
270,726.681,595.269,594.002,102,0,932,126.35
262,722.462,595.221,594.3,101,0,933,125.818
249,737.233,595.313,593.381,100,0,934,125.714
235,735.928,595.324,594.093,99,0,935,126.233
573,677.412,596.118,612.058,98,0,936,126.542
584,644.082,596.324,612.69,97,0,937,126.574
564,658.629,596.391,612.162,96,0,938,126.678
570,630.277,596.394,611.483,95,0,939,127.262
546,649.46,596.363,611.428,94,0,940,126.991
528,653.312,596.413,610.347,93,0,941,126.123
510,656.927,596.501,610.949,92,0,942,126.828
491,656.829,596.671,610.584,91,0,943,126.539
502,651.285,596.865,610.302,90,0,944,126.467
486,654.821,596.957,610.12,89,0,945,125.038
467,657.672,596.991,610.206,88,0,946,124.81
462,649.061,597.124,609.053,87,0,947,126.013
452,655.042,597.067,610.187,86,0,948,125.503
430,666.753,597.26,608.701,85,0,949,126.045
438,641.196,597.578,607.624,84,0,950,124.813
415,630.687,597.302,607.682,83,0,951,126.057
418,617.4,597.475,607.473,82,0,952,124.497
423,611.496,597.549,607.533,81,0,953,125.439
404,616.349,597.544,606.555,80,0,954,125.091
402,611.537,597.715,606.366,79,0,955,125.229
393,615.799,597.91,605.52,78,0,956,126.126
371,612.054,598.027,604.448,77,0,957,125.08
367,615.373,598.102,603.045,76,0,958,124.262
367,598.757,598.008,603.486,75,0,959,124.056
344,620.093,598.231,602.626,74,0,960,125.065
353,590.949,598.366,603.469,73,0,961,124.387
355,572.718,598.346,602.717,72,0,962,124.172
343,580.697,598.465,602.603,71,0,963,124.885
338,578.722,598.268,602.53,70,0,843,126.097
230,1188.07,615.249,586.549,149,0,965,130.899
224,1187.022,615.401,585.907,148,0,765,131.53
420,1414.495,604.862,599.15,149,0,967,130.899
421,1397.772,605.05,598.432,148,0,968,131.53
421,1389.732,604.885,599.216,147,0,969,131.667
414,1389.022,604.902,598.156,146,0,970,131.31
389,1412.093,604.941,598.745,145,0,971,132.03
396,1394.088,604.916,598.631,144,0,972,131.301
389,1362.321,604.89,598.297,143,0,973,130.802
374,1384.885,604.888,598.346,142,0,974,130.689
376,1357.747,604.874,598.377,141,0,975,131.264
368,1368.174,604.929,598.738,140,0,976,130.84
359,1332.214,604.765,597.994,139,0,977,130.955
353,1336.671,604.706,599.078,138,0,978,130.821
359,1287.755,604.858,598.931,137,0,979,131.492
364,1278.527,604.857,598.42,136,0,980,129.732
356,1266.171,604.983,598.225,135,0,981,131.333
357,1245.7,605.18,598.008,134,0,982,131.164
356,1241.756,605.355,597.451,133,0,983,131.484
349,1232.201,605.181,597.463,132,0,984,130.233
337,1253.772,605.239,597.302,131,0,985,129.437
315,1242.584,605.223,596.434,130,0,986,129.82
317,1212.593,605.359,595.444,129,0,987,129.171
312,1207.974,605.336,595.973,128,0,988,128.846
309,1184.191,605.318,595.74,127,0,989,128.565
305,1161.079,605.472,595.188,126,0,990,129.786
301,1144.468,605.396,594.776,125,0,991,127.923
285,1125.47,605.406,594.721,124,0,992,128.029
288,1096.441,605.68,594.303,123,0,993,128.305
289,1069.775,605.807,594.063,122,0,994,127.758
278,1066.313,606.349,593.844,121,0,995,128.103
274,1043.051,606.524,592.336,120,0,996,128.915
271,1038.376,606.362,591.932,119,0,997,128.324
263,1028.662,606.352,591.208,118,0,998,127.215
249,1019.458,606.303,590.071,117,0,999,127.823
248,999.984,605.99,590.069,116,0,1000,127.638
244,969.057,606.233,589.298,115,0,1001,128.36
240,987.583,606.081,588.698,114,0,1002,127.205
233,959.017,606.013,587.891,113,0,1003,126.642
222,943.468,606.041,586.487,112,0,1004,127.043
213,952.056,605.872,585.56,111,0,1005,126.03
219,933.699,606.209,585.674,110,0,1006,126.881
209,906.545,605.818,584.718,109,0,1007,127.761
210,890.167,606.03,582.517,108,0,1008,126.45
210,874.133,605.444,582.945,107,0,1009,126.023
207,877.628,605.156,582.039,106,0,1010,128.027
190,859.147,605.189,582.307,105,0,808,126.155
241,953.56,592.983,603.996,149,0,1012,130.899
250,929.388,592.922,603.932,148,0,1013,131.53
241,908.261,592.439,603.326,147,0,1014,131.667
228,905.518,592.775,602.721,146,0,1015,131.31
241,909.979,592.785,602.852,145,0,1016,132.03
227,913.841,592.635,602.277,144,0,1017,131.301
230,899.735,592.588,601.819,143,0,1018,130.802
209,899.799,592.535,601.078,142,0,1019,130.689
220,885.064,592.501,602.04,141,0,1020,131.264
206,897.922,592.334,601.082,140,0,1021,130.84
206,887.029,592.483,600.181,139,0,1022,130.955
197,890.244,592.342,601.115,138,0,1023,130.821
208,857.327,592.351,600.484,137,0,1024,131.492
193,837.627,592.377,599.742,136,0,1025,129.732
193,851.705,592.652,600.317,135,0,1026,131.333
194,850.598,592.837,600.259,134,0,1027,131.164
195,836.421,592.866,599.779,133,0,1028,131.484
190,820.226,592.518,600.349,132,0,1029,130.233
179,834.045,592.985,600.909,131,0,1030,129.437
177,836.757,593.165,600.782,130,0,1031,129.82
186,821.704,593.178,599.256,129,0,1032,129.171
178,815.236,593.14,600.314,128,0,1033,128.846
178,826.219,592.846,599.761,127,0,1034,128.565
184,810.804,593.297,600.005,126,0,908,129.786
211,958.957,608.053,645.184,149,0,1036,130.899
202,922.856,607.978,644.079,148,0,1037,131.53
193,929.534,608.075,643.726,147,0,1038,131.667
192,918.984,608.399,642.635,146,0,1039,131.31
191,914.675,608.459,643.099,145,0,1040,132.03
203,888.906,608.989,643.215,144,0,1041,131.301
181,876.53,608.736,643.145,143,0,1042,130.802
182,885.451,608.696,643.465,142,0,1043,130.689
425,776.642,609.581,660.648,141,0,1044,131.264
408,770.373,609.241,661.251,140,0,1045,130.84
394,749.97,609.438,661.06,139,0,1046,130.955
406,756.586,609.344,661.567,138,0,1047,130.821
388,731.789,609.395,661.616,137,0,1048,131.492
387,740.685,609.004,661.246,136,0,1049,129.732
381,722.808,608.843,661.297,135,0,1050,131.333
366,721.055,608.771,661.639,134,0,1051,131.164
347,733.254,608.322,661.436,133,0,1052,131.484
350,710.877,608.296,661.578,132,0,1053,130.233
362,707.641,608.182,661.467,131,0,1054,129.437
347,701.317,608.161,660.805,130,0,1055,129.82
346,679.919,608.503,658.636,129,0,1056,129.171
339,659.466,608.61,658.903,128,0,1057,128.846
312,692.869,608.482,657.326,127,0,1058,128.565
327,667.101,608.656,656.626,126,0,1059,129.786
313,672.898,608.681,655.077,125,0,1060,127.923
314,645.086,608.733,654.309,124,0,1061,128.029
313,634.428,608.714,653.762,123,0,1062,128.305
295,637.969,608.709,653.095,122,0,1063,127.758
286,642.748,608.709,652.311,121,0,1064,128.103
285,636.046,608.923,651.404,120,0,1065,128.915
270,632.648,608.99,651.145,119,0,1066,128.324
258,628.81,609.044,651.327,118,0,1067,127.215
260,629.673,609.072,649.465,117,0,1068,127.823
476,651.989,611.323,633.519,116,0,1069,127.638
457,648.573,611.251,632.492,115,0,1070,128.36
468,656.265,611.467,631.967,114,0,1071,127.205
458,658.627,611.361,630.846,113,0,1072,126.642
459,637.658,611.664,629.061,112,0,1073,127.043
445,640.303,611.829,627.591,111,0,1074,126.03
432,643.836,612.167,626.608,110,0,1075,126.881
436,635.594,612.014,625.095,109,0,1076,127.761
438,621.947,612.856,622.377,108,0,1077,126.45
419,613.687,612.515,621.902,107,0,1078,126.023
416,618.024,612.474,620.752,106,0,1079,128.027
413,606.402,612.548,620.538,105,0,1080,126.155
415,604.212,612.725,619.433,104,0,1081,126.772
400,610.02,612.843,618.315,103,0,1082,126.154
378,613.455,612.752,615.605,102,0,1083,126.35
357,628.468,613.011,613.341,101,0,1084,125.818
331,631.402,612.808,611.149,100,0,1085,125.714
347,627.061,612.782,610.758,99,0,1086,126.233
329,628.188,612.65,610.553,98,0,1087,126.542
334,600.928,612.811,610.7,97,0,1088,126.574
336,614.098,612.905,610.572,96,0,1089,126.678
313,597.62,612.938,611.124,95,0,1090,127.262
318,591.157,612.948,610.204,94,0,1091,126.991
320,586.375,613.178,609.888,93,0,1092,126.123
306,591.078,613.308,609.863,92,0,1093,126.828
299,604.528,613.309,609.704,91,0,1094,126.539
299,600.164,613.558,608.857,90,0,1095,126.467
276,603.065,613.438,608.86,89,0,1096,125.038
267,611.019,613.504,607.771,88,0,1097,124.81
265,615.951,613.65,606.28,87,0,538,126.013
181,992.37,620.568,624.143,149,0,1099,130.899
182,991.121,621.026,622.714,148,0,1100,131.53
172,970.721,621.29,622.146,147,0,1101,131.667
155,981.394,620.392,621.355,146,0,1102,131.31
169,994.728,620.042,620.765,145,0,1103,132.03
394,886.551,620.855,635.97,144,0,1104,131.301
391,876.726,620.667,634.354,143,0,1105,130.802
373,905.828,619.994,632.463,142,0,1106,130.689
368,882.41,619.757,631.388,141,0,1107,131.264
347,909.363,619.44,629.273,140,0,1108,130.84
347,897.98,618.952,626.393,139,0,1109,130.955
319,908.994,618.807,625.873,138,0,1110,130.821
322,875.416,618.729,625.267,137,0,1111,131.492
332,866.301,618.627,625.09,136,0,1112,129.732
320,846.131,618.418,625.638,135,0,1113,131.333
312,829.849,618.326,626.032,134,0,1114,131.164
307,817.824,618.132,625.279,133,0,1115,131.484
304,810.194,617.615,624.468,132,0,1116,130.233
303,806.865,617.044,624.327,131,0,1117,129.437
281,820.68,616.026,620.83,130,0,1118,129.82
275,788.996,615.778,619.325,129,0,1119,129.171
257,792.852,615.478,619.913,128,0,1120,128.846
264,788.383,615.438,619.09,127,0,1121,128.565
240,783.092,614.964,619.095,126,0,1122,129.786
227,787.41,614.691,618.29,125,0,1123,127.923
233,758.309,614.323,617.913,124,0,1124,128.029
238,752.307,614.173,617.903,123,0,1125,128.305
235,732.519,614.025,618.349,122,0,1126,127.758
217,744.207,613.183,619.086,121,0,1127,128.103
206,750.18,613.135,618.061,120,0,1128,128.915
219,734.274,613.205,618.324,119,0,1129,128.324
221,720.005,613.078,618.836,118,0,1130,127.215
218,699.615,613,618.062,117,0,1068,127.823
272,822.206,624.106,658.396,149,0,1132,130.899
262,822.431,623.59,656.462,148,0,1133,131.53
253,829.565,622.604,654.956,147,0,1134,131.667
252,830.841,622.314,652.219,146,0,1135,131.31
230,829.391,622.289,651.409,145,0,1103,132.03
276,774.435,613.33,682.551,149,0,1137,130.899
269,757.219,613.165,681.028,148,0,1138,131.53
258,768.946,612.293,680.276,147,0,1139,131.667
262,747.553,611.274,678.404,146,0,1140,131.31
257,761.323,610.933,676.891,145,0,1141,132.03
239,741.833,610.492,675.978,144,0,1142,131.301
259,726.251,610.605,674.804,143,0,1143,130.802
244,721.5,610.389,674.471,142,0,1043,130.689
175,828.337,601.427,663.933,149,0,1145,130.899
169,831.107,601.158,661.824,148,0,1146,131.53
420,787.11,595.337,644.185,147,0,1147,131.667
411,785.406,594.789,641.829,146,0,1148,131.31
412,800.956,594.577,640.897,145,0,1149,132.03
395,794.851,594.489,640.939,144,0,1150,131.301
395,780.582,594.228,639.724,143,0,1151,130.802
385,784.935,593.994,638.98,142,0,1152,130.689
379,775.266,594.187,639.738,141,0,1153,131.264
377,763.095,593.962,639.452,140,0,1154,130.84
383,747.097,593.969,637.899,139,0,1155,130.955
361,750.828,593.863,638.144,138,0,1156,130.821
364,735.519,593.841,637.909,137,0,1157,131.492
358,739.098,593.835,636.838,136,0,1158,129.732
345,721.443,593.732,636.505,135,0,1159,131.333
348,716.718,593.753,636.169,134,0,1160,131.164
337,719.964,593.525,635.529,133,0,1161,131.484
340,711.482,593.543,635.39,132,0,1162,130.233
335,718.361,593.337,635.402,131,0,1163,129.437
317,723.498,593.331,634.047,130,0,1164,129.82
310,710.413,593.548,632.823,129,0,1165,129.171
307,713.752,593.851,633.358,128,0,1166,128.846
290,730.341,593.842,632.626,127,0,1167,128.565
289,726.99,594.07,632.688,126,0,1168,129.786
278,732.115,594.212,632.158,125,0,1169,127.923
265,702.106,594.104,632.082,124,0,1170,128.029
274,695.715,593.76,631.906,123,0,1171,128.305
280,676.493,593.782,631.582,122,0,1172,127.758
268,709.004,593.979,631.861,121,0,1173,128.103
559,646.367,595.501,647.842,120,0,1174,128.915
543,650.959,595.693,647.506,119,0,1175,128.324
512,661.395,595.698,645.84,118,0,1176,127.215
513,647.497,595.661,643.968,117,0,1177,127.823
496,646.96,595.941,643.72,116,0,1178,127.638
465,649.944,595.959,642.8,115,0,1179,128.36
476,653.796,596.003,641.494,114,0,1180,127.205
435,652.995,595.858,640.128,113,0,1181,126.642
434,633.889,596.065,639.346,112,0,1182,127.043
428,647.563,596.226,637.901,111,0,1183,126.03
432,638.759,596.281,638.592,110,0,1184,126.881
401,647.86,596.067,636.41,109,0,1185,127.761
401,631.551,596.351,635.094,108,0,1186,126.45
406,623.374,596.137,635.477,107,0,1187,126.023
392,623.462,596.11,634.365,106,0,1188,128.027
388,623.142,596.146,633.97,105,0,1189,126.155
387,615.499,596.345,633.381,104,0,1190,126.772
385,625.138,596.372,632.515,103,0,1191,126.154
354,628.814,596.45,631.558,102,0,1192,126.35
341,628.387,596.564,631.118,101,0,1193,125.818
338,626.095,596.588,628.994,100,0,1194,125.714
332,622.684,596.641,628.542,99,0,935,126.233
240,757.15,590.812,631.463,149,0,1196,130.899
232,759.108,590.866,630.753,148,0,1146,131.53
265,701.483,591.174,668.135,149,0,1198,130.899
281,685.964,591.367,667.75,148,0,1199,131.53
272,670.412,591.601,668.926,147,0,1200,131.667
241,678.859,591.314,668.427,146,0,1201,131.31
548,650.996,596.816,685.806,145,0,1202,132.03
537,642.149,596.833,685.068,144,0,1203,131.301
509,643.617,596.837,684.05,143,0,1204,130.802
489,661.892,596.605,682.988,142,0,1205,130.689
495,651.671,596.763,683.237,141,0,1206,131.264
473,651.626,596.829,682.946,140,0,1207,130.84
470,649.494,596.793,682.005,139,0,1208,130.955
460,657.665,596.61,681.888,138,0,1209,130.821
442,649.934,596.763,681.132,137,0,1210,131.492
437,642.35,596.573,680.698,136,0,1211,129.732
427,640.698,596.524,680.158,135,0,1212,131.333
433,633.924,596.497,679.699,134,0,1213,131.164
411,622.127,596.765,679.839,133,0,1214,131.484
412,630.629,596.651,679.127,132,0,1215,130.233
408,619.931,596.686,679.238,131,0,1216,129.437
399,624.845,597.125,678.431,130,0,1217,129.82
383,626.971,597.282,676.96,129,0,1218,129.171
363,629.598,597.3,676.824,128,0,1219,128.846
348,642.552,597.03,674.775,127,0,1220,128.565
351,623.803,596.974,673.426,126,0,1221,129.786
348,621.934,597.069,672.022,125,0,1222,127.923
319,631.614,597.036,670.798,124,0,1223,128.029
322,615.724,597.003,670.128,123,0,1224,128.305
298,621.101,596.833,668.608,122,0,1225,127.758
294,631.126,596.825,667.208,121,0,1173,128.103
317,612.909,602.341,705.698,149,0,1227,130.899
314,600.987,602.206,705.146,148,0,1228,131.53
302,596.404,602.018,704.603,147,0,1229,131.667
306,606.049,601.79,702.132,146,0,1201,131.31
470,527.747,601.304,560.257,21,0,1231,123.628
471,537.992,601.48,560.932,20,0,1232,123.638
461,525.004,601.482,560.737,19,0,1233,123.57
455,533.018,601.567,561.893,18,0,1234,123.092
435,549.924,601.502,560.101,17,0,1235,124.16
436,554.924,601.602,561.518,16,0,1236,124.321
413,557.937,601.772,562.556,15,0,1237,122.984
403,557.546,601.757,561.514,14,0,1238,123.952
392,560.684,601.767,561.58,13,0,1239,124.023
403,558.583,601.815,560.644,12,0,1240,123.624
373,553.303,601.589,559.877,11,0,1241,122.031
368,574.299,601.593,559.424,10,0,1242,123.617
352,560.92,601.751,558.38,9,0,169,123.498
386,874.661,609.765,541.237,128,0,1244,128.846
369,875.816,609.053,541.119,127,0,1245,128.565
365,851.447,608.795,541.426,126,0,1246,129.786
349,832.378,608.543,541.255,125,0,1247,127.923
342,805.406,607.318,540.611,124,0,1248,128.029
340,805.088,607.675,541.098,123,0,1249,128.305
329,788.225,606.791,539.858,122,0,1250,127.758
324,780.833,606.852,539.869,121,0,1251,128.103
310,770.21,606.201,538.852,120,0,1252,128.915
322,751.056,605.652,539.331,119,0,1253,128.324
301,742.412,605.615,539.683,118,0,1254,127.215
299,741.441,605.579,539.2,117,0,1255,127.823
296,730.986,604.884,539.332,116,0,1256,127.638
284,712.965,604.583,539.146,115,0,1257,128.36
275,723.491,604.793,539.435,114,0,1258,127.205
278,714.716,603.943,538.096,113,0,1259,126.642
260,700.212,603.456,537.745,112,0,1260,127.043
269,712.695,602.899,536.221,111,0,1261,126.03
244,703.254,602.176,535.87,110,0,1262,126.881
250,711.536,602.113,535.688,109,0,1263,127.761
238,693.176,602,534.322,108,0,1264,126.45
243,685.058,601.688,535.275,107,0,1265,126.023
228,688.202,602.062,535.194,106,0,1266,128.027
239,675.72,601.978,535.652,105,0,1267,126.155
237,683.367,601.639,535.673,104,0,1268,126.772
235,658.711,601.315,534.399,103,0,1269,126.154
236,660.987,601.544,535.023,102,0,1270,126.35
234,659.081,601.18,534.601,101,0,1271,125.818
225,657.982,600.795,533.987,100,0,1272,125.714
231,652.273,600.533,534.069,99,0,1273,126.233
226,644.336,600.253,533.121,98,0,1274,126.542
219,642.95,600.105,533.34,97,0,1275,126.574
207,651.116,600.541,533.296,96,0,1276,126.678
204,636.814,599.893,532.585,95,0,1277,127.262
202,641.059,599.696,532.372,94,0,1278,126.991
215,630.274,599.431,532.213,93,0,1279,126.123
205,624.956,599.146,532.454,92,0,692,126.828